CPU Level,GPU Level,CPU Frequency (MHz),GPU Frequency (MHz),FPS,Prd,Tear,Early,Stale,Stale2/5/10/max,VSnc,Lat,Fov,OC,TA,SP,Mem,Free,PLS,Temp,TW,App,GD,CPU&GPU,LCnt,GPU%,CPU%,DSF,CFL,ICFLp95,LD,SF,LP,DVFS,timestamp,device,app,app_details,is_record,is_wireless,repetition
3,4,1382,525,72,0ms,0,0,0,0/0/0/0,1,0,0,FF,0/70/0,N/F/N,1804MHz,8105,0,27.2C/0.0C,4.21ms,0.81ms,1.72ms,13.87ms,3(DR0,0.52,0.19(W0.22),1.00,18.71/22.26,21.32,1,1.21,0,0,15:00:39.040,Quest-Pro,BeatSaber,PopStars-Easy,False,True,0.0
3,4,1382,525,73,0ms,0,0,0,0/0/0/0,1,0,0,FF,0/70/0,N/F/N,2092MHz,8105,0,27.5C/0.0C,4.17ms,0.76ms,1.65ms,13.86ms,3(DR0,0.50,0.12(W0.19),1.00,18.66/22.39,21.29,1,1.21,0,0,15:00:40.040,Quest-Pro,BeatSaber,PopStars-Easy,False,True,0.0
3,4,1382,525,73,0ms,0,0,0,0/0/0/0,1,0,0,FF,0/70/0,N/F/N,2092MHz,8105,0,27.5C/0.0C,4.16ms,0.75ms,1.60ms,13.86ms,3(DR0,0.49,0.07(W0.14),1.00,18.77/22.80,21.29,1,1.21,0,0,15:00:41.040,Quest-Pro,BeatSaber,PopStars-Easy,False,True,0.0
3,4,1382,525,73,0ms,0,0,0,0/0/0/0,1,0,0,FF,0/70/0,N/F/N,1555MHz,8105,0,27.5C/0.0C,4.17ms,0.77ms,1.70ms,13.86ms,3(DR0,0.50,0.13(W0.18),1.00,18.74/22.82,21.38,1,1.21,0,0,15:00:42.040,Quest-Pro,BeatSaber,PopStars-Easy,False,True,0.0
3,4,1382,525,73,0ms,0,0,0,0/0/0/0,1,0,0,FF,0/70/0,N/F/N,2092MHz,8105,0,27.5C/0.0C,4.19ms,0.83ms,1.56ms,13.86ms,3(DR0,0.48,0.05(W0.06),1.00,18.50/23.26,21.46,1,1.21,0,0,15:00:43.040,Quest-Pro,BeatSaber,PopStars-Easy,False,True,0.0
3,4,1382,525,73,0ms,0,0,0,0/0/0/0,1,0,0,FF,0/70/0,N/F/N,1555MHz,8105,0,27.5C/0.0C,4.17ms,0.90ms,1.65ms,13.86ms,3(DR0,0.50,0.08(W0.14),1.00,18.78/22.68,21.51,1,1.21,0,0,15:00:44.040,Quest-Pro,BeatSaber,PopStars-Easy,False,True,0.0
3,4,1382,525,73,0ms,0,0,0,0/0/0/0,1,0,0,FF,0/70/0,N/F/N,1555MHz,8105,0,27.5C/0.0C,4.20ms,0.91ms,1.61ms,13.86ms,3(DR0,0.48,0.15(W0.26),1.00,18.81/22.84,21.71,1,1.21,0,0,15:00:45.041,Quest-Pro,BeatSaber,PopStars-Easy,False,True,0.0
3,4,1382,525,73,0ms,0,0,0,0/0/0/0,1,0,0,FF,0/70/0,N/F/N,1555MHz,8105,0,27.5C/0.0C,4.02ms,0.82ms,1.64ms,13.87ms,3(DR0,0.49,0.04(W0.06),1.00,18.80/22.84,21.46,1,1.21,0,0,15:00:46.041,Quest-Pro,BeatSaber,PopStars-Easy,False,True,0.0
3,4,1382,525,73,0ms,0,0,0,0/0/0/0,1,0,0,FF,0/70/0,N/F/N,1804MHz,8105,0,27.5C/0.0C,4.04ms,0.80ms,1.67ms,13.86ms,3(DR0,0.48,0.09(W0.11),1.00,18.47/23.31,22.03,1,1.21,0,0,15:00:47.041,Quest-Pro,BeatSaber,PopStars-Easy,False,True,0.0
3,4,1382,525,73,0ms,0,0,2,1/0/0/2,1,0,0,FF,0/70/0,N/F/N,1804MHz,8105,0,27.5C/0.0C,4.04ms,0.92ms,1.58ms,13.86ms,3(DR0,0.49,0.13(W0.16),1.00,18.55/25.02,22.12,1,1.21,0,0,15:00:48.041,Quest-Pro,BeatSaber,PopStars-Easy,False,True,0.0
3,4,1382,525,73,0ms,0,0,2,1/0/0/2,1,0,0,FF,0/70/0,N/F/N,1804MHz,8082,0,27.5C/0.0C,4.04ms,0.89ms,1.67ms,13.15ms,3(DR0,0.50,0.07(W0.10),1.00,18.93/24.47,22.56,1,1.21,0,0,15:00:49.047,Quest-Pro,BeatSaber,PopStars-Easy,False,True,0.0
3,4,1382,525,73,0ms,0,0,0,0/0/0/0,1,0,0,FF,0/70/0,N/F/N,2092MHz,8082,0,27.5C/0.0C,4.04ms,0.90ms,1.62ms,13.24ms,3(DR0,0.48,0.12(W0.17),1.00,19.54/24.59,22.81,1,1.21,0,0,15:00:50.041,Quest-Pro,BeatSaber,PopStars-Easy,False,True,0.0
3,4,1382,525,72,0ms,0,0,0,0/0/0/0,1,0,0,FF,0/70/0,N/F/N,2092MHz,8082,0,27.2C/0.0C,3.98ms,0.62ms,1.61ms,13.87ms,3(DR0,0.47,0.15(W0.15),1.00,19.54/24.59,22.81,1,1.21,0,0,15:00:51.041,Quest-Pro,BeatSaber,PopStars-Easy,False,True,0.0
3,4,1382,525,72,0ms,0,0,0,0/0/0/0,1,0,0,FF,0/70/0,N/F/N,2092MHz,8082,0,27.2C/0.0C,3.96ms,0.65ms,1.62ms,13.87ms,3(DR0,0.47,0.16(W0.23),1.00,19.11/24.34,22.49,1,1.21,0,0,15:00:52.041,Quest-Pro,BeatSaber,PopStars-Easy,False,True,0.0
3,4,1382,525,73,0ms,0,0,0,0/0/0/0,1,0,0,FF,0/70/0,N/F/N,2092MHz,8082,0,27.2C/0.0C,3.96ms,0.79ms,1.62ms,13.87ms,3(DR0,0.47,0.12(W0.21),1.00,18.84/24.22,22.48,1,1.21,0,0,15:00:53.041,Quest-Pro,BeatSaber,PopStars-Easy,False,True,0.0
3,4,1382,525,72,0ms,0,0,0,0/0/0/0,1,0,0,FF,0/70/0,N/F/N,2092MHz,8082,0,27.2C/0.0C,4.03ms,0.70ms,1.62ms,13.87ms,3(DR0,0.48,0.13(W0.15),1.00,18.88/23.87,22.31,1,1.21,0,0,15:00:54.041,Quest-Pro,BeatSaber,PopStars-Easy,False,True,0.0
3,4,1382,525,73,0ms,0,0,0,0/0/0/0,1,0,0,FF,0/70/0,N/F/N,2092MHz,8082,0,27.2C/0.0C,4.03ms,0.78ms,1.69ms,13.86ms,3(DR0,0.49,0.10(W0.14),1.00,18.68/24.09,22.22,1,1.21,0,0,15:00:55.041,Quest-Pro,BeatSaber,PopStars-Easy,False,True,0.0
3,4,1382,525,73,0ms,0,0,2,1/0/0/2,1,0,0,FF,0/70/0,N/F/N,2092MHz,8082,0,27.2C/0.0C,4.03ms,0.86ms,1.79ms,13.84ms,3(DR0,0.50,0.17(W0.22),1.00,19.11/24.51,23.36,1,1.21,0,0,15:00:56.041,Quest-Pro,BeatSaber,PopStars-Easy,False,True,0.0
3,4,1382,525,72,0ms,0,0,0,0/0/0/0,1,0,0,FF,0/70/0,N/F/N,2092MHz,8082,0,27.2C/0.0C,4.04ms,0.74ms,1.89ms,13.87ms,3(DR0,0.50,0.08(W0.15),1.00,19.56/24.15,22.88,1,1.21,0,0,15:00:57.041,Quest-Pro,BeatSaber,PopStars-Easy,False,True,0.0
3,4,1382,525,72,0ms,0,0,0,0/0/0/0,1,0,0,FF,0/70/0,N/F/N,2092MHz,8082,0,27.2C/0.0C,4.20ms,0.85ms,1.85ms,13.87ms,3(DR0,0.52,0.24(W0.29),1.00,19.57/23.88,22.30,1,1.21,0,0,15:00:58.041,Quest-Pro,BeatSaber,PopStars-Easy,False,True,0.0
3,4,1382,525,73,0ms,0,0,2,1/0/0/2,1,0,0,FF,0/70/0,N/F/N,2092MHz,8082,0,27.2C/0.0C,4.06ms,0.69ms,1.68ms,13.84ms,3(DR0,0.49,0.19(W0.22),1.00,19.35/24.76,23.46,1,1.21,0,0,15:00:59.041,Quest-Pro,BeatSaber,PopStars-Easy,False,True,0.0
3,4,1382,525,72,0ms,0,0,2,1/0/0/2,1,0,0,FF,0/70/0,N/F/N,2092MHz,8082,0,27.2C/0.0C,4.00ms,0.69ms,1.57ms,13.88ms,3(DR0,0.48,0.08(W0.15),1.00,19.49/24.24,22.86,1,1.21,0,0,15:01:00.042,Quest-Pro,BeatSaber,PopStars-Easy,False,True,0.0
3,4,1382,525,72,0ms,0,0,0,0/0/0/0,1,0,0,FF,0/70/0,N/F/N,2092MHz,8082,0,27.2C/0.0C,4.01ms,0.76ms,1.63ms,13.87ms,3(DR0,0.49,0.19(W0.19),1.00,19.29/23.60,21.96,1,1.21,0,0,15:01:01.042,Quest-Pro,BeatSaber,PopStars-Easy,False,True,0.0
3,4,1382,525,72,0ms,0,0,0,0/0/0/0,1,0,0,FF,0/70/0,N/F/N,2092MHz,8082,0,27.2C/0.0C,4.13ms,0.73ms,1.81ms,13.87ms,3(DR0,0.50,0.09(W0.11),1.00,18.96/22.62,21.55,1,1.21,0,0,15:01:02.042,Quest-Pro,BeatSaber,PopStars-Easy,False,True,0.0
3,4,1382,525,73,0ms,0,0,3,1/0/0/3,1,0,0,FF,0/70/0,N/F/N,2092MHz,8082,0,27.2C/0.0C,4.24ms,0.86ms,1.82ms,13.88ms,3(DR0,0.51,0.17(W0.23),1.00,19.19/25.63,24.57,1,1.21,0,0,15:01:03.042,Quest-Pro,BeatSaber,PopStars-Easy,False,True,0.0
3,4,1382,525,72,0ms,0,0,0,0/0/0/0,1,0,0,FF,0/70/0,N/F/N,1804MHz,8082,0,27.2C/0.0C,4.16ms,0.78ms,1.76ms,13.88ms,3(DR0,0.51,0.26(W0.29),1.00,19.67/24.18,22.97,1,1.21,0,0,15:01:04.042,Quest-Pro,BeatSaber,PopStars-Easy,False,True,0.0
3,4,1382,525,72,0ms,0,0,0,0/0/0/0,1,0,0,FF,0/70/0,N/F/N,1804MHz,8082,0,27.2C/0.0C,4.03ms,0.67ms,1.84ms,13.87ms,3(DR0,0.50,0.08(W0.19),1.00,19.62/23.32,22.13,1,1.21,0,0,15:01:05.042,Quest-Pro,BeatSaber,PopStars-Easy,False,True,0.0
3,4,1382,525,72,0ms,0,0,0,0/0/0/0,1,0,0,FF,0/70/0,N/F/N,1804MHz,8082,0,27.2C/0.0C,3.98ms,0.72ms,1.41ms,13.87ms,3(DR0,0.46,0.13(W0.23),1.00,19.15/22.94,21.94,1,1.21,0,0,15:01:06.042,Quest-Pro,BeatSaber,PopStars-Easy,False,True,0.0
3,4,1382,525,72,0ms,0,0,0,0/0/0/0,1,0,0,FF,0/70/0,N/F/N,1804MHz,8082,0,27.2C/0.0C,3.98ms,0.88ms,1.40ms,13.87ms,3(DR0,0.47,0.18(W0.23),1.00,18.94/23.21,21.58,1,1.21,0,0,15:01:07.042,Quest-Pro,BeatSaber,PopStars-Easy,False,True,0.0
3,4,1382,525,73,0ms,0,0,0,0/0/0/0,1,0,0,FF,0/70/0,N/F/N,1804MHz,8082,0,27.2C/0.0C,4.00ms,0.74ms,1.05ms,13.87ms,3(DR0,0.43,0.13(W0.19),1.00,18.99/22.92,21.45,1,1.21,0,0,15:01:08.042,Quest-Pro,BeatSaber,PopStars-Easy,False,True,0.0
3,4,1382,525,73,0ms,0,0,0,0/0/0/0,1,0,0,FF,0/70/0,N/F/N,1804MHz,8092,0,27.2C/0.0C,4.07ms,0.75ms,1.30ms,13.87ms,3(DR0,0.47,0.09(W0.15),1.00,18.85/23.47,22.04,1,1.21,0,0,15:01:09.050,Quest-Pro,BeatSaber,PopStars-Easy,False,True,0.0
3,4,1382,525,73,0ms,0,0,2,1/0/0/2,1,0,0,FF,0/70/0,N/F/N,1804MHz,8092,0,27.2C/0.0C,4.04ms,0.90ms,1.00ms,13.58ms,3(DR0,0.44,0.08(W0.10),1.00,18.60/24.04,21.84,1,1.21,0,0,15:01:10.042,Quest-Pro,BeatSaber,PopStars-Easy,False,True,0.0
3,4,1382,525,73,0ms,0,0,0,0/0/0/0,1,0,0,FF,0/70/0,N/F/N,2092MHz,8092,0,27.2C/0.0C,4.02ms,0.94ms,1.09ms,13.13ms,3(DR0,0.45,0.15(W0.23),1.00,18.70/22.87,21.85,1,1.21,0,0,15:01:11.042,Quest-Pro,BeatSaber,PopStars-Easy,False,True,0.0
3,4,1382,525,73,0ms,0,0,0,0/0/0/0,1,0,0,FF,0/70/0,N/F/N,2092MHz,8092,0,27.2C/0.0C,4.05ms,1.03ms,1.13ms,13.12ms,3(DR0,0.47,0.11(W0.19),1.00,18.85/23.32,21.76,1,1.21,0,0,15:01:12.043,Quest-Pro,BeatSaber,PopStars-Easy,False,True,0.0
3,4,1382,525,73,0ms,0,0,0,0/0/0/0,1,0,0,FF,0/70/0,N/F/N,2092MHz,8092,0,27.2C/0.0C,3.89ms,1.04ms,1.15ms,13.12ms,3(DR0,0.46,0.15(W0.19),1.00,19.00/22.74,21.49,1,1.21,0,0,15:01:13.043,Quest-Pro,BeatSaber,PopStars-Easy,False,True,0.0
3,4,1382,525,73,0ms,0,0,0,0/0/0/0,1,0,0,FF,0/70/0,N/F/N,2092MHz,8092,0,27.2C/0.0C,4.03ms,0.95ms,1.20ms,13.13ms,3(DR0,0.45,0.20(W0.22),1.00,18.61/22.26,21.34,1,1.21,0,0,15:01:14.043,Quest-Pro,BeatSaber,PopStars-Easy,False,True,0.0
3,4,1382,525,73,0ms,0,0,0,0/0/0/0,1,0,0,FF,0/70/0,N/F/N,2092MHz,8092,0,27.2C/0.0C,4.22ms,1.16ms,1.88ms,13.13ms,3(DR0,0.51,0.09(W0.15),1.00,18.58/23.12,21.85,1,1.21,0,0,15:01:15.043,Quest-Pro,BeatSaber,PopStars-Easy,False,True,0.0
3,4,1382,525,73,0ms,0,0,4,1/0/0/2,1,0,0,FF,0/70/0,N/F/N,2092MHz,8092,0,27.2C/0.0C,4.07ms,0.59ms,1.88ms,13.58ms,3(DR0,0.49,0.23(W0.30),1.00,17.95/25.67,24.57,1,1.21,0,0,15:01:16.043,Quest-Pro,BeatSaber,PopStars-Easy,False,True,0.0
3,4,1382,525,72,0ms,0,0,7,2/0/0/3,1,0,0,FF,0/70/0,N/F/N,2092MHz,8092,0,27.2C/0.0C,3.99ms,0.84ms,1.11ms,13.40ms,3(DR0,0.45,0.13(W0.19),1.00,20.56/25.08,23.87,1,1.21,0,0,15:01:17.043,Quest-Pro,BeatSaber,PopStars-Easy,False,True,0.0
3,4,1382,525,72,0ms,0,0,0,0/0/0/0,1,0,0,FF,0/70/0,N/F/N,2092MHz,8092,0,27.2C/0.0C,4.03ms,0.90ms,1.71ms,13.13ms,3(DR0,0.50,0.19(W0.29),1.00,19.68/23.92,22.67,1,1.21,0,0,15:01:18.043,Quest-Pro,BeatSaber,PopStars-Easy,False,True,0.0
3,4,1382,525,72,0ms,0,0,0,0/0/0/0,1,0,0,FF,0/70/0,N/F/N,2092MHz,8092,0,27.2C/0.0C,3.90ms,0.68ms,1.14ms,13.13ms,3(DR0,0.46,0.26(W0.32),1.00,19.46/23.15,22.05,1,1.21,0,0,15:01:19.043,Quest-Pro,BeatSaber,PopStars-Easy,False,True,0.0
3,4,1382,525,72,0ms,0,0,2,1/0/0/2,1,0,0,FF,0/70/0,N/F/N,2092MHz,8092,0,27.2C/0.0C,4.00ms,0.66ms,1.14ms,13.14ms,3(DR0,0.44,0.12(W0.15),1.00,18.98/23.05,21.81,1,1.21,0,0,15:01:20.043,Quest-Pro,BeatSaber,PopStars-Easy,False,True,0.0
3,4,1382,525,73,0ms,0,0,0,0/0/0/0,1,0,0,FF,0/70/0,N/F/N,2092MHz,8092,0,27.7C/0.0C,4.14ms,0.70ms,1.13ms,13.13ms,3(DR0,0.45,0.15(W0.24),1.00,18.89/23.17,21.75,1,1.21,0,0,15:01:21.043,Quest-Pro,BeatSaber,PopStars-Easy,False,True,0.0
3,4,1382,525,72,0ms,0,0,0,0/0/0/0,1,0,0,FF,0/70/0,N/F/N,2092MHz,8092,0,27.7C/0.0C,4.02ms,1.02ms,1.56ms,13.14ms,3(DR0,0.50,0.07(W0.10),1.00,18.62/22.90,21.69,1,1.21,0,0,15:01:22.043,Quest-Pro,BeatSaber,PopStars-Easy,False,True,0.0
3,4,1382,525,73,0ms,0,0,0,0/0/0/0,1,0,0,FF,0/70/0,N/F/N,2092MHz,8092,0,27.7C/0.0C,4.17ms,1.13ms,1.19ms,13.13ms,3(DR0,0.48,0.16(W0.22),1.00,18.69/22.64,21.56,1,1.21,0,0,15:01:23.043,Quest-Pro,BeatSaber,PopStars-Easy,False,True,0.0
3,4,1382,525,73,0ms,0,0,0,0/0/0/0,1,0,0,FF,0/70/0,N/F/N,2092MHz,8092,0,27.7C/0.0C,4.17ms,0.85ms,1.75ms,13.14ms,3(DR0,0.51,0.08(W0.19),1.00,18.76/22.47,21.60,1,1.21,0,0,15:01:24.043,Quest-Pro,BeatSaber,PopStars-Easy,False,True,0.0
3,4,1382,525,73,0ms,0,0,5,2/0/0/3,1,0,0,FF,0/70/0,N/F/N,1555MHz,8092,0,27.7C/0.0C,4.17ms,0.88ms,1.15ms,13.62ms,3(DR0,0.47,0.23(W0.26),1.00,18.77/24.37,23.21,1,1.21,0,0,15:01:25.043,Quest-Pro,BeatSaber,PopStars-Easy,False,True,0.0
3,4,1382,525,72,0ms,0,0,0,0/0/0/0,1,0,0,FF,0/70/0,N/F/N,1555MHz,8092,0,27.7C/0.0C,4.16ms,0.90ms,1.20ms,13.87ms,3(DR0,0.47,0.20(W0.28),1.00,19.79/23.61,22.36,1,1.21,0,0,15:01:26.043,Quest-Pro,BeatSaber,PopStars-Easy,False,True,0.0
3,4,1382,525,72,0ms,0,0,3,1/0/0/2,1,0,0,FF,0/70/0,N/F/N,1555MHz,8092,0,27.7C/0.0C,4.14ms,0.83ms,1.72ms,13.33ms,3(DR0,0.50,0.20(W0.26),1.00,19.59/23.35,21.96,1,1.21,0,0,15:01:27.043,Quest-Pro,BeatSaber,PopStars-Easy,False,True,0.0
3,4,1382,525,73,0ms,0,0,0,0/0/0/0,1,0,0,FF,0/70/0,N/F/N,1555MHz,8092,0,27.7C/0.0C,4.15ms,0.85ms,1.89ms,13.86ms,3(DR0,0.52,0.19(W0.20),1.00,19.36/23.53,22.30,1,1.21,0,0,15:01:28.044,Quest-Pro,BeatSaber,PopStars-Easy,False,True,0.0
3,4,1382,525,72,0ms,0,0,0,0/0/0/0,1,0,0,FF,0/70/0,N/F/N,1804MHz,8084,0,27.7C/0.0C,4.18ms,0.85ms,0.85ms,13.87ms,3(DR0,0.44,0.22(W0.26),1.00,19.21/23.48,22.21,1,1.21,0,0,15:01:29.051,Quest-Pro,BeatSaber,PopStars-Easy,False,True,0.0
3,4,1382,525,73,0ms,0,0,0,0/0/0/0,1,0,0,FF,0/70/0,N/F/N,1804MHz,8084,0,27.7C/0.0C,4.18ms,0.99ms,0.86ms,13.87ms,3(DR0,0.45,0.08(W0.14),1.00,19.04/22.69,21.70,1,1.21,0,0,15:01:30.044,Quest-Pro,BeatSaber,PopStars-Easy,False,True,0.0
3,4,1382,525,73,0ms,0,0,0,0/0/0/0,1,0,0,FF,0/70/0,N/F/N,2092MHz,8084,0,27.7C/0.0C,4.15ms,0.85ms,0.71ms,13.86ms,3(DR0,0.43,0.11(W0.18),1.00,19.15/23.07,21.83,1,1.21,0,0,15:01:31.044,Quest-Pro,BeatSaber,PopStars-Easy,False,True,0.0
3,4,1382,525,73,0ms,0,0,0,0/0/0/0,1,0,0,FF,0/70/0,N/F/N,2092MHz,8084,0,27.7C/0.0C,4.30ms,0.88ms,0.75ms,13.86ms,3(DR0,0.44,0.17(W0.26),1.00,18.90/23.77,21.81,1,1.21,0,0,15:01:32.044,Quest-Pro,BeatSaber,PopStars-Easy,False,True,0.0
3,4,1382,525,73,0ms,0,0,0,0/0/0/0,1,0,0,FF,0/70/0,N/F/N,2092MHz,8084,0,27.7C/0.0C,4.15ms,1.12ms,1.01ms,13.86ms,3(DR0,0.47,0.12(W0.27),1.00,18.91/22.90,21.71,1,1.21,0,0,15:01:33.044,Quest-Pro,BeatSaber,PopStars-Easy,False,True,0.0
3,4,1382,525,73,0ms,0,0,2,1/0/0/2,1,0,0,FF,0/70/0,N/F/N,2092MHz,8084,0,27.7C/0.0C,4.12ms,0.96ms,1.42ms,13.13ms,3(DR0,0.48,0.10(W0.15),1.00,18.79/22.75,21.81,1,1.21,0,0,15:01:34.044,Quest-Pro,BeatSaber,PopStars-Easy,False,True,0.0
3,4,1382,525,73,0ms,0,0,2,1/0/0/2,1,0,0,FF,0/70/0,N/F/N,2092MHz,8084,0,27.7C/0.0C,4.11ms,0.90ms,1.76ms,13.13ms,3(DR0,0.51,0.16(W0.20),1.00,19.00/23.76,22.05,1,1.21,0,0,15:01:35.044,Quest-Pro,BeatSaber,PopStars-Easy,False,True,0.0
3,4,1382,525,73,0ms,0,0,1,0/0/0/1,1,0,0,FF,0/70/0,N/F/N,2092MHz,8084,0,27.7C/0.0C,4.24ms,0.76ms,1.74ms,13.02ms,3(DR0,0.51,0.07(W0.15),1.00,18.82/23.18,21.87,1,1.21,0,0,15:01:36.044,Quest-Pro,BeatSaber,PopStars-Easy,False,True,0.0
3,4,1382,525,73,0ms,0,0,3,1/0/0/2,1,0,0,FF,0/70/0,N/F/N,1555MHz,8084,0,27.7C/0.0C,4.07ms,0.79ms,1.72ms,13.77ms,3(DR0,0.49,0.12(W0.26),1.00,19.17/24.35,23.21,1,1.21,0,0,15:01:37.044,Quest-Pro,BeatSaber,PopStars-Easy,False,True,0.0
3,4,1382,525,72,0ms,0,0,0,0/0/0/0,1,0,0,FF,0/70/0,N/F/N,1555MHz,8084,0,27.7C/0.0C,4.10ms,0.83ms,1.73ms,13.87ms,3(DR0,0.49,0.10(W0.14),1.00,19.62/23.76,22.65,1,1.21,0,0,15:01:38.044,Quest-Pro,BeatSaber,PopStars-Easy,False,True,0.0
3,4,1382,525,72,0ms,0,0,0,0/0/0/0,1,0,0,FF,0/70/0,N/F/N,1555MHz,8084,0,27.7C/0.0C,4.10ms,0.70ms,1.53ms,13.87ms,3(DR0,0.48,0.17(W0.27),1.00,19.34/24.20,22.38,1,1.21,0,0,15:01:39.044,Quest-Pro,BeatSaber,PopStars-Easy,False,True,0.0
3,4,1382,525,72,0ms,0,0,0,0/0/0/0,1,0,0,FF,0/70/0,N/F/N,1804MHz,8084,0,27.7C/0.0C,3.99ms,0.70ms,1.51ms,13.87ms,3(DR0,0.47,0.12(W0.15),1.00,19.16/22.88,21.83,1,1.21,0,0,15:01:40.044,Quest-Pro,BeatSaber,PopStars-Easy,False,True,0.0
3,4,1382,525,72,0ms,0,0,0,0/0/0/0,1,0,0,FF,0/70/0,N/F/N,1804MHz,8084,0,27.7C/0.0C,3.97ms,0.77ms,1.53ms,13.86ms,3(DR0,0.47,0.07(W0.11),1.00,18.66/22.74,21.74,1,1.21,0,0,15:01:41.044,Quest-Pro,BeatSaber,PopStars-Easy,False,True,0.0
3,4,1382,525,73,0ms,0,0,0,0/0/0/0,1,0,0,FF,0/70/0,N/F/N,1804MHz,8084,0,27.7C/0.0C,3.98ms,0.81ms,1.54ms,13.86ms,3(DR0,0.47,0.16(W0.19),1.00,18.71/22.76,21.57,1,1.21,0,0,15:01:42.044,Quest-Pro,BeatSaber,PopStars-Easy,False,True,0.0
3,4,1382,525,73,0ms,0,0,0,0/0/0/0,1,0,0,FF,0/70/0,N/F/N,1804MHz,8084,0,27.7C/0.0C,3.99ms,0.87ms,1.55ms,13.87ms,3(DR0,0.47,0.08(W0.18),1.00,18.74/23.56,22.09,1,1.21,0,0,15:01:43.045,Quest-Pro,BeatSaber,PopStars-Easy,False,True,0.0
3,4,1382,525,73,0ms,0,0,4,2/0/0/2,1,0,0,FF,0/70/0,N/F/N,1804MHz,8084,0,27.7C/0.0C,3.96ms,0.87ms,1.53ms,13.36ms,3(DR0,0.47,0.09(W0.10),1.00,18.86/23.39,21.81,1,1.21,0,0,15:01:44.045,Quest-Pro,BeatSaber,PopStars-Easy,False,True,0.0
3,4,1382,525,73,0ms,0,0,0,0/0/0/0,1,0,0,FF,0/70/0,N/F/N,1804MHz,8084,0,27.7C/0.0C,3.98ms,0.85ms,1.59ms,13.14ms,3(DR0,0.48,0.05(W0.14),1.00,19.06/23.02,21.91,1,1.21,0,0,15:01:45.045,Quest-Pro,BeatSaber,PopStars-Easy,False,True,0.0
3,4,1382,525,73,0ms,0,0,0,0/0/0/0,1,0,0,FF,0/70/0,N/F/N,1804MHz,8084,0,27.7C/0.0C,4.12ms,0.63ms,1.56ms,13.13ms,3(DR0,0.47,0.15(W0.25),1.00,18.80/22.57,21.56,1,1.21,0,0,15:01:46.045,Quest-Pro,BeatSaber,PopStars-Easy,False,True,0.0
3,4,1382,525,73,0ms,0,0,0,0/0/0/0,1,0,0,FF,0/70/0,N/F/N,1804MHz,8084,0,27.7C/0.0C,3.96ms,0.71ms,1.55ms,13.14ms,3(DR0,0.47,0.20(W0.26),1.00,18.61/22.63,21.66,1,1.21,0,0,15:01:47.045,Quest-Pro,BeatSaber,PopStars-Easy,False,True,0.0
3,4,1382,525,73,0ms,0,0,2,1/0/0/2,1,0,0,FF,0/70/0,N/F/N,2092MHz,8084,0,27.7C/0.0C,3.95ms,0.85ms,1.52ms,13.14ms,3(DR0,0.47,0.17(W0.24),1.00,18.72/23.34,21.90,1,1.21,0,0,15:01:48.045,Quest-Pro,BeatSaber,PopStars-Easy,False,True,0.0
3,4,1382,525,73,0ms,0,0,0,0/0/0/0,1,0,0,FF,0/70/0,N/F/N,2092MHz,8098,0,27.7C/0.0C,4.11ms,0.96ms,1.73ms,13.14ms,3(DR0,0.51,0.16(W0.18),1.00,18.69/22.82,21.76,1,1.21,0,0,15:01:49.053,Quest-Pro,BeatSaber,PopStars-Easy,False,True,0.0
3,4,1382,525,73,0ms,0,0,4,2/0/0/2,1,0,0,FF,0/70/0,N/F/N,2092MHz,8098,0,27.7C/0.0C,3.97ms,0.79ms,1.66ms,13.15ms,3(DR0,0.48,0.16(W0.23),1.00,18.57/23.45,21.77,1,1.21,0,0,15:01:50.045,Quest-Pro,BeatSaber,PopStars-Easy,False,True,0.0
3,4,1382,525,73,0ms,0,0,2,1/0/0/2,1,0,0,FF,0/70/0,N/F/N,1804MHz,8098,0,27.7C/0.0C,3.98ms,0.72ms,1.68ms,13.52ms,3(DR0,0.48,0.33(W0.43),1.00,18.84/24.35,22.59,1,1.21,0,0,15:01:51.045,Quest-Pro,BeatSaber,PopStars-Easy,False,True,0.0
3,4,1382,525,72,0ms,0,0,0,0/0/0/0,1,0,0,FF,0/70/0,N/F/N,2092MHz,8098,0,27.7C/0.0C,3.96ms,0.72ms,1.69ms,13.87ms,3(DR0,0.48,0.10(W0.19),1.00,19.83/23.63,22.53,1,1.21,0,0,15:01:52.045,Quest-Pro,BeatSaber,PopStars-Easy,False,True,0.0
3,4,1382,525,72,0ms,0,0,0,0/0/0/0,1,0,0,FF,0/70/0,N/F/N,2092MHz,8098,0,27.7C/0.0C,3.96ms,0.75ms,1.72ms,13.87ms,3(DR0,0.48,0.22(W0.33),1.00,19.17/23.46,22.25,1,1.21,0,0,15:01:53.045,Quest-Pro,BeatSaber,PopStars-Easy,False,True,0.0
3,4,1382,525,72,0ms,0,0,0,0/0/0/0,1,0,0,FF,0/70/0,N/F/N,2092MHz,8098,0,27.7C/0.0C,3.97ms,0.76ms,1.71ms,13.87ms,3(DR0,0.48,0.09(W0.10),1.00,18.89/23.03,21.90,1,1.21,0,0,15:01:54.045,Quest-Pro,BeatSaber,PopStars-Easy,False,True,0.0
3,4,1382,525,72,0ms,0,0,0,0/0/0/0,1,0,0,FF,0/70/0,N/F/N,2092MHz,8098,0,27.7C/0.0C,3.97ms,0.88ms,1.72ms,13.87ms,3(DR0,0.49,0.20(W0.29),1.00,18.78/22.53,21.59,1,1.21,0,0,15:01:55.045,Quest-Pro,BeatSaber,PopStars-Easy,False,True,0.0
3,4,1382,525,73,0ms,0,0,0,0/0/0/0,1,0,0,FF,0/70/0,N/F/N,2092MHz,8098,0,27.7C/0.0C,3.97ms,0.80ms,1.72ms,13.87ms,3(DR0,0.49,0.18(W0.25),1.00,18.64/23.75,21.87,1,1.21,0,0,15:01:56.045,Quest-Pro,BeatSaber,PopStars-Easy,False,True,0.0
3,4,1382,525,73,0ms,0,0,0,0/0/0/0,1,0,0,FF,0/70/0,N/F/N,2092MHz,8098,0,27.7C/0.0C,3.98ms,0.90ms,1.71ms,13.86ms,3(DR0,0.48,0.14(W0.19),1.00,18.80/23.30,21.62,1,1.21,0,0,15:01:57.046,Quest-Pro,BeatSaber,PopStars-Easy,False,True,0.0
3,4,1382,525,73,0ms,0,0,0,0/0/0/0,1,0,0,FF,0/70/0,N/F/N,2092MHz,8098,0,27.7C/0.0C,3.98ms,0.83ms,1.69ms,13.86ms,3(DR0,0.48,0.12(W0.15),1.00,18.46/23.16,21.70,1,1.21,0,0,15:01:58.046,Quest-Pro,BeatSaber,PopStars-Easy,False,True,0.0
3,4,1382,525,73,0ms,0,0,0,0/0/0/0,1,0,0,FF,0/70/0,N/F/N,2092MHz,8098,0,27.7C/0.0C,4.11ms,0.81ms,1.67ms,13.86ms,3(DR0,0.48,0.22(W0.26),1.00,18.55/23.01,21.39,1,1.21,0,0,15:01:59.046,Quest-Pro,BeatSaber,PopStars-Easy,False,True,0.0
3,4,1382,525,72,0ms,0,0,0,0/0/0/0,1,0,0,FF,0/70/0,N/F/N,2092MHz,8098,0,27.7C/0.0C,4.00ms,0.81ms,1.69ms,13.87ms,3(DR0,0.49,0.15(W0.23),1.00,18.68/22.44,21.59,1,1.21,0,0,15:02:00.046,Quest-Pro,BeatSaber,PopStars-Easy,False,True,0.0
3,4,1382,525,73,0ms,0,0,0,0/0/0/0,1,0,0,FF,0/70/0,N/F/N,2092MHz,8098,0,27.7C/0.0C,4.00ms,0.76ms,1.69ms,13.86ms,3(DR0,0.48,0.17(W0.22),1.00,18.66/22.91,21.52,1,1.21,0,0,15:02:01.046,Quest-Pro,BeatSaber,PopStars-Easy,False,True,0.0
3,4,1382,525,73,0ms,0,0,0,0/0/0/0,1,0,0,FF,0/70/0,N/F/N,2092MHz,8098,0,27.7C/0.0C,3.99ms,0.79ms,1.72ms,13.86ms,3(DR0,0.49,0.10(W0.14),1.00,18.32/23.87,21.80,1,1.21,0,0,15:02:02.046,Quest-Pro,BeatSaber,PopStars-Easy,False,True,0.0
3,4,1382,525,73,0ms,0,0,0,0/0/0/0,1,0,0,FF,0/70/0,N/F/N,2092MHz,8098,0,27.7C/0.0C,4.06ms,1.30ms,1.83ms,13.87ms,3(DR0,0.52,0.15(W0.15),1.00,18.43/23.31,21.73,1,1.21,0,0,15:02:03.046,Quest-Pro,BeatSaber,PopStars-Easy,False,True,0.0
3,4,1382,525,72,0ms,0,0,5,0/1/0/5,1,0,0,FF,0/70/0,N/F/N,2092MHz,8098,0,27.7C/0.0C,4.13ms,1.01ms,2.13ms,13.39ms,3(DR0,0.55,0.25(W0.29),1.00,18.50/23.76,21.83,1,1.21,0,0,15:02:04.046,Quest-Pro,BeatSaber,PopStars-Easy,False,True,0.0
3,4,1382,525,72,0ms,0,0,4,1/0/0/4,1,0,0,FF,0/70/0,N/F/N,1804MHz,8098,0,27.7C/0.0C,4.16ms,0.95ms,2.04ms,13.13ms,3(DR0,0.55,0.14(W0.16),1.00,18.81/23.94,22.29,1,1.21,0,0,15:02:05.046,Quest-Pro,BeatSaber,PopStars-Easy,False,True,0.0
3,4,1382,525,73,0ms,0,0,0,0/0/0/0,1,0,0,FF,0/70/0,N/F/N,1555MHz,8098,0,27.7C/0.0C,4.08ms,1.06ms,1.86ms,13.13ms,3(DR0,0.52,0.18(W0.26),1.00,18.69/23.89,22.07,1,1.21,0,0,15:02:06.046,Quest-Pro,BeatSaber,PopStars-Easy,False,True,0.0
3,4,1382,525,73,0ms,0,0,0,0/0/0/0,1,0,0,FF,0/70/0,N/F/N,1804MHz,8098,0,27.7C/0.0C,4.12ms,1.11ms,1.93ms,13.13ms,3(DR0,0.53,0.17(W0.22),1.00,18.82/23.71,21.96,1,1.21,0,0,15:02:07.046,Quest-Pro,BeatSaber,PopStars-Easy,False,True,0.0
3,4,1382,525,73,0ms,0,0,0,0/0/0/0,1,0,0,FF,0/70/0,N/F/N,2092MHz,8098,0,27.7C/0.0C,4.27ms,0.81ms,1.92ms,13.13ms,3(DR0,0.53,0.12(W0.16),1.00,18.84/23.14,21.89,1,1.21,0,0,15:02:08.046,Quest-Pro,BeatSaber,PopStars-Easy,False,True,0.0
3,4,1382,525,73,0ms,0,0,2,1/0/0/2,1,0,0,FF,0/70/0,N/F/N,2092MHz,8084,0,27.7C/0.0C,4.11ms,0.87ms,1.94ms,13.88ms,3(DR0,0.52,0.09(W0.11),1.00,18.96/24.93,24.65,1,1.21,0,0,15:02:09.053,Quest-Pro,BeatSaber,PopStars-Easy,False,True,0.0
3,4,1382,525,72,0ms,0,0,0,0/0/0/0,1,0,0,FF,0/70/0,N/F/N,2092MHz,8084,0,27.7C/0.0C,4.23ms,1.02ms,1.93ms,13.88ms,3(DR0,0.52,0.14(W0.15),1.00,19.65/24.65,23.42,1,1.21,0,0,15:02:10.046,Quest-Pro,BeatSaber,PopStars-Easy,False,True,0.0
3,4,1382,525,72,0ms,0,0,0,0/0/0/0,1,0,0,FF,0/70/0,N/F/N,2092MHz,8084,0,27.7C/0.0C,3.86ms,0.84ms,1.10ms,13.87ms,3(DR0,0.45,0.13(W0.23),1.00,19.43/23.44,22.29,1,1.21,0,0,15:02:11.047,Quest-Pro,BeatSaber,PopStars-Easy,False,True,0.0
3,4,1382,525,72,0ms,0,0,0,0/0/0/0,1,0,0,FF,0/70/0,N/F/N,2092MHz,8084,0,27.7C/0.0C,3.98ms,0.67ms,1.09ms,13.87ms,3(DR0,0.44,0.05(W0.06),1.00,19.16/23.86,22.20,1,1.21,0,0,15:02:12.047,Quest-Pro,BeatSaber,PopStars-Easy,False,True,0.0
3,4,1382,525,73,0ms,0,0,0,0/0/0/0,1,0,0,FF,0/70/0,N/F/N,2092MHz,8084,0,27.7C/0.0C,3.96ms,0.85ms,1.10ms,13.87ms,3(DR0,0.44,0.16(W0.18),1.00,18.98/22.98,21.85,1,1.21,0,0,15:02:13.047,Quest-Pro,BeatSaber,PopStars-Easy,False,True,0.0
3,4,1382,525,73,0ms,0,0,0,0/0/0/0,1,0,0,FF,0/70/0,N/F/N,2092MHz,8084,0,27.7C/0.0C,3.96ms,0.71ms,1.10ms,13.87ms,3(DR0,0.43,0.10(W0.19),1.00,18.64/23.70,21.90,1,1.21,0,0,15:02:14.047,Quest-Pro,BeatSaber,PopStars-Easy,False,True,0.0
3,4,1382,525,73,0ms,0,0,0,0/0/0/0,1,0,0,FF,0/70/0,N/F/N,2092MHz,8084,0,27.7C/0.0C,4.00ms,0.77ms,1.10ms,13.86ms,3(DR0,0.44,0.15(W0.23),1.00,18.53/24.13,21.95,1,1.21,0,0,15:02:15.047,Quest-Pro,BeatSaber,PopStars-Easy,False,True,0.0
3,4,1382,525,73,0ms,0,0,0,0/0/0/0,1,0,0,FF,0/70/0,N/F/N,2092MHz,8084,0,27.7C/0.0C,3.98ms,0.81ms,1.11ms,13.86ms,3(DR0,0.44,0.17(W0.18),1.00,18.48/23.57,22.04,1,1.21,0,0,15:02:16.047,Quest-Pro,BeatSaber,PopStars-Easy,False,True,0.0
3,4,1382,525,73,0ms,0,0,0,0/0/0/0,1,0,0,FF,0/70/0,N/F/N,2092MHz,8084,0,27.7C/0.0C,3.97ms,0.84ms,1.12ms,13.87ms,3(DR0,0.45,0.17(W0.20),1.00,18.50/23.52,21.79,1,1.21,0,0,15:02:17.047,Quest-Pro,BeatSaber,PopStars-Easy,False,True,0.0
3,4,1382,525,73,0ms,0,0,4,1/0/0/4,1,0,0,FF,0/70/0,N/F/N,2092MHz,8084,0,27.7C/0.0C,4.03ms,0.91ms,1.13ms,13.19ms,3(DR0,0.45,0.15(W0.29),1.00,18.41/23.09,21.56,1,1.21,0,0,15:02:18.047,Quest-Pro,BeatSaber,PopStars-Easy,False,True,0.0
3,4,1382,525,73,0ms,0,0,0,0/0/0/0,1,0,0,FF,0/70/0,N/F/N,2092MHz,8084,0,27.7C/0.0C,3.98ms,0.79ms,1.14ms,13.14ms,3(DR0,0.45,0.16(W0.25),1.00,18.77/23.39,21.62,1,1.21,0,0,15:02:19.047,Quest-Pro,BeatSaber,PopStars-Easy,False,True,0.0
3,4,1382,525,73,0ms,0,0,0,0/0/0/0,1,0,0,FF,0/70/0,N/F/N,2092MHz,8084,0,27.7C/0.0C,4.01ms,0.82ms,1.14ms,13.15ms,3(DR0,0.45,0.07(W0.14),1.00,18.35/24.27,21.85,1,1.21,0,0,15:02:20.047,Quest-Pro,BeatSaber,PopStars-Easy,False,True,0.0
3,4,1382,525,73,0ms,0,0,3,1/0/0/3,1,0,0,FF,0/70/0,N/F/N,2092MHz,8084,0,27.7C/0.0C,4.00ms,0.79ms,1.14ms,13.78ms,3(DR0,0.44,0.24(W0.35),1.00,18.64/24.69,22.90,1,1.21,0,0,15:02:21.047,Quest-Pro,BeatSaber,PopStars-Easy,False,True,0.0
3,4,1382,525,72,0ms,0,0,0,0/0/0/0,1,0,0,FF,0/70/0,N/F/N,2092MHz,8084,0,27.7C/0.0C,4.03ms,0.79ms,1.15ms,13.87ms,3(DR0,0.45,0.07(W0.11),1.00,19.20/24.26,22.59,1,1.21,0,0,15:02:22.047,Quest-Pro,BeatSaber,PopStars-Easy,False,True,0.0
3,4,1382,525,72,0ms,0,0,0,0/0/0/0,1,0,0,FF,0/70/0,N/F/N,2092MHz,8084,0,27.7C/0.0C,4.02ms,0.86ms,1.15ms,13.87ms,3(DR0,0.45,0.02(W0.06),1.00,18.74/24.04,22.36,1,1.21,0,0,15:02:23.047,Quest-Pro,BeatSaber,PopStars-Easy,False,True,0.0
3,4,1382,525,72,0ms,0,0,0,0/0/0/0,1,0,0,FF,0/70/0,N/F/N,2092MHz,8084,0,27.7C/0.0C,4.01ms,0.88ms,1.16ms,13.87ms,3(DR0,0.45,0.13(W0.29),1.00,18.74/23.95,21.94,1,1.21,0,0,15:02:24.047,Quest-Pro,BeatSaber,PopStars-Easy,False,True,0.0
3,4,1382,525,72,0ms,0,0,0,0/0/0/0,1,0,0,FF,0/70/0,N/F/N,2092MHz,8084,0,27.7C/0.0C,3.99ms,0.74ms,1.16ms,13.87ms,3(DR0,0.46,0.14(W0.16),1.00,18.83/23.09,21.82,1,1.21,0,0,15:02:25.048,Quest-Pro,BeatSaber,PopStars-Easy,False,True,0.0
3,4,1382,525,73,0ms,0,0,0,0/0/0/0,1,0,0,FF,0/70/0,N/F/N,2092MHz,8084,0,27.7C/0.0C,3.98ms,0.88ms,1.15ms,13.86ms,3(DR0,0.44,0.23(W0.29),1.00,18.57/22.78,21.65,1,1.21,0,0,15:02:26.048,Quest-Pro,BeatSaber,PopStars-Easy,False,True,0.0
3,4,1382,525,73,0ms,0,0,1,0/0/0/1,1,0,0,FF,0/70/0,N/F/N,2092MHz,8084,0,27.7C/0.0C,3.97ms,0.82ms,1.14ms,13.87ms,3(DR0,0.44,0.12(W0.14),1.00,18.46/23.23,21.43,1,1.21,0,0,15:02:27.048,Quest-Pro,BeatSaber,PopStars-Easy,False,True,0.0
3,4,1382,525,73,0ms,0,0,0,0/0/0/0,1,0,0,FF,0/70/0,N/F/N,2092MHz,8084,0,27.7C/0.0C,3.99ms,0.86ms,1.15ms,13.87ms,3(DR0,0.45,0.24(W0.29),1.00,18.27/22.96,21.26,1,1.21,0,0,15:02:28.048,Quest-Pro,BeatSaber,PopStars-Easy,False,True,0.0
3,4,1382,525,73,0ms,0,0,0,0/0/0/0,1,0,0,FF,0/70/0,N/F/N,2092MHz,8081,0,27.7C/0.0C,4.02ms,0.83ms,1.16ms,13.86ms,3(DR0,0.46,0.20(W0.29),1.00,18.66/22.49,21.18,1,1.21,0,0,15:02:29.055,Quest-Pro,BeatSaber,PopStars-Easy,False,True,0.0
3,4,1382,525,73,0ms,0,0,1,0/0/0/1,1,0,0,FF,0/70/0,N/F/N,2092MHz,8081,0,27.7C/0.0C,3.98ms,0.74ms,1.16ms,13.86ms,3(DR0,0.44,0.08(W0.14),1.00,18.64/23.82,21.94,1,1.21,0,0,15:02:30.048,Quest-Pro,BeatSaber,PopStars-Easy,False,True,0.0
3,4,1382,525,73,0ms,0,0,0,0/0/0/0,1,0,0,FF,0/70/0,N/F/N,2092MHz,8081,0,27.7C/0.0C,4.02ms,0.79ms,1.15ms,13.86ms,3(DR0,0.45,0.15(W0.26),1.00,18.45/23.76,21.83,1,1.21,0,0,15:02:31.048,Quest-Pro,BeatSaber,PopStars-Easy,False,True,0.0
3,4,1382,525,73,0ms,0,0,0,0/0/0/0,1,0,0,FF,0/70/0,N/F/N,2092MHz,8081,0,27.7C/0.0C,4.01ms,0.83ms,1.15ms,13.81ms,3(DR0,0.44,0.12(W0.14),1.00,18.50/22.77,21.61,1,1.21,0,0,15:02:32.048,Quest-Pro,BeatSaber,PopStars-Easy,False,True,0.0
3,4,1382,525,73,0ms,0,0,2,1/0/0/2,1,0,0,FF,0/70/0,N/F/N,2092MHz,8081,0,27.7C/0.0C,3.85ms,0.93ms,1.15ms,13.14ms,3(DR0,0.45,0.16(W0.18),1.00,18.47/23.37,21.59,1,1.21,0,0,15:02:33.048,Quest-Pro,BeatSaber,PopStars-Easy,False,True,0.0
3,4,1382,525,73,0ms,0,0,0,0/0/0/0,1,0,0,FF,0/70/0,N/F/N,2092MHz,8081,0,27.7C/0.0C,3.99ms,0.81ms,1.69ms,13.13ms,3(DR0,0.48,0.16(W0.23),1.00,18.70/22.50,21.42,1,1.21,0,0,15:02:34.048,Quest-Pro,BeatSaber,PopStars-Easy,False,True,0.0
3,4,1382,525,73,0ms,0,0,0,0/0/0/0,1,0,0,FF,0/70/0,N/F/N,2092MHz,8081,0,27.7C/0.0C,3.98ms,0.86ms,1.11ms,13.28ms,3(DR0,0.44,0.19(W0.28),1.00,18.37/22.62,21.48,1,1.21,0,0,15:02:35.048,Quest-Pro,BeatSaber,PopStars-Easy,False,True,0.0
3,4,1382,525,73,0ms,0,0,1,0/0/0/1,1,0,0,FF,0/70/0,N/F/N,1555MHz,8081,0,27.7C/0.0C,3.84ms,0.94ms,1.11ms,13.86ms,3(DR0,0.44,0.12(W0.15),1.00,18.42/22.05,21.20,1,1.21,0,0,15:02:36.048,Quest-Pro,BeatSaber,PopStars-Easy,False,True,0.0
3,4,1382,525,73,0ms,0,0,0,0/0/0/0,1,0,0,FF,0/70/0,N/F/N,1555MHz,8081,0,27.7C/0.0C,4.00ms,0.73ms,1.12ms,13.86ms,3(DR0,0.44,0.22(W0.25),1.00,18.61/22.46,21.45,1,1.21,0,0,15:02:37.048,Quest-Pro,BeatSaber,PopStars-Easy,False,True,0.0
3,4,1382,525,73,0ms,0,0,0,0/0/0/0,1,0,0,FF,0/70/0,N/F/N,1555MHz,8081,0,27.7C/0.0C,3.99ms,0.89ms,1.12ms,13.86ms,3(DR0,0.45,0.13(W0.15),1.00,18.59/22.33,21.35,1,1.21,0,0,15:02:38.048,Quest-Pro,BeatSaber,PopStars-Easy,False,True,0.0
3,4,1382,525,73,0ms,0,0,0,0/0/0/0,1,0,0,FF,0/70/0,N/F/N,1555MHz,8081,0,27.7C/0.0C,3.97ms,0.79ms,1.12ms,13.86ms,3(DR0,0.45,0.13(W0.19),1.00,18.51/22.35,21.33,1,1.21,0,0,15:02:39.048,Quest-Pro,BeatSaber,PopStars-Easy,False,True,0.0
3,4,1382,525,73,0ms,0,0,0,0/0/0/0,1,0,0,FF,0/70/0,N/F/N,1555MHz,8081,0,27.7C/0.0C,3.98ms,0.77ms,1.14ms,13.86ms,3(DR0,0.45,0.22(W0.37),1.00,18.50/22.32,21.16,1,1.21,0,0,15:02:40.049,Quest-Pro,BeatSaber,PopStars-Easy,False,True,0.0
3,4,1382,525,73,0ms,0,0,0,0/0/0/0,1,0,0,FF,0/70/0,N/F/N,1555MHz,8081,0,28.0C/0.0C,4.02ms,0.81ms,1.14ms,13.86ms,3(DR0,0.45,0.18(W0.19),1.00,18.44/23.52,21.49,1,1.21,0,0,15:02:41.049,Quest-Pro,BeatSaber,PopStars-Easy,False,True,0.0
3,4,1382,525,73,0ms,0,0,0,0/0/0/0,1,0,0,FF,0/70/0,N/F/N,2092MHz,8081,0,28.0C/0.0C,3.99ms,0.75ms,1.14ms,13.86ms,3(DR0,0.45,0.17(W0.21),1.00,18.52/22.60,21.42,1,1.21,0,0,15:02:42.049,Quest-Pro,BeatSaber,PopStars-Easy,False,True,0.0
3,4,1382,525,71,0ms,0,0,10,1/1/0/7,1,0,0,FF,0/70/0,N/F/N,1555MHz,8081,0,28.0C/0.0C,4.00ms,0.63ms,1.14ms,14.10ms,3(DR0,0.45,0.13(W0.19),1.00,18.63/24.85,24.29,1,1.21,0,0,15:02:43.049,Quest-Pro,BeatSaber,PopStars-Easy,False,True,0.0
3,4,1382,525,73,0ms,0,0,0,0/0/0/0,1,0,0,FF,0/70/0,N/F/N,1804MHz,8081,0,28.0C/0.0C,3.99ms,0.68ms,1.14ms,13.88ms,3(DR0,0.44,0.10(W0.14),1.00,19.47/24.53,23.21,1,1.21,0,0,15:02:44.049,Quest-Pro,BeatSaber,PopStars-Easy,False,True,0.0
3,4,1382,525,72,0ms,0,0,0,0/0/0/0,1,0,0,FF,0/70/0,N/F/N,1804MHz,8081,0,28.0C/0.0C,3.99ms,0.72ms,1.14ms,13.87ms,3(DR0,0.44,0.14(W0.18),1.00,19.42/23.86,22.45,1,1.21,0,0,15:02:45.049,Quest-Pro,BeatSaber,PopStars-Easy,False,True,0.0
3,4,1382,525,72,0ms,0,0,0,0/0/0/0,1,0,0,FF,0/70/0,N/F/N,1804MHz,8081,0,28.0C/0.0C,3.97ms,0.71ms,1.12ms,13.87ms,3(DR0,0.44,0.13(W0.19),1.00,19.00/22.90,21.95,1,1.21,0,0,15:02:46.049,Quest-Pro,BeatSaber,PopStars-Easy,False,True,0.0
3,4,1382,525,72,0ms,0,0,0,0/0/0/0,1,0,0,FF,0/70/0,N/F/N,1804MHz,8081,0,28.0C/0.0C,3.97ms,0.81ms,1.09ms,13.87ms,3(DR0,0.44,0.17(W0.22),1.00,18.65/23.75,21.75,1,1.21,0,0,15:02:47.049,Quest-Pro,BeatSaber,PopStars-Easy,False,True,0.0
3,4,1382,525,72,0ms,0,0,0,0/0/0/0,1,0,0,FF,0/70/0,N/F/N,2092MHz,8081,0,28.0C/0.0C,3.95ms,0.64ms,1.09ms,13.87ms,3(DR0,0.44,0.23(W0.32),1.00,18.75/23.14,21.62,1,1.21,0,0,15:02:48.049,Quest-Pro,BeatSaber,PopStars-Easy,False,True,0.0
3,4,1382,525,73,0ms,0,0,0,0/0/0/0,1,0,0,FF,0/70/0,N/F/N,2092MHz,8126,0,28.0C/0.0C,3.98ms,0.83ms,1.15ms,13.87ms,3(DR0,0.44,0.17(W0.26),1.00,18.50/23.16,21.68,1,1.21,0,0,15:02:49.056,Quest-Pro,BeatSaber,PopStars-Easy,False,True,0.0
3,4,1382,525,73,0ms,0,0,0,0/0/0/0,1,0,0,FF,0/70/0,N/F/N,2092MHz,8126,0,28.0C/0.0C,3.99ms,1.01ms,1.74ms,13.87ms,3(DR0,0.47,0.30(W0.32),1.00,18.60/23.59,21.86,1,1.21,0,0,15:02:50.049,Quest-Pro,BeatSaber,PopStars-Easy,False,True,0.0
3,4,1382,525,73,0ms,0,0,0,0/0/0/0,1,0,0,FF,0/70/0,N/F/N,2092MHz,8126,0,27.7C/0.0C,4.00ms,0.90ms,1.74ms,13.87ms,3(DR0,0.49,0.09(W0.15),1.00,18.71/23.42,21.69,1,1.21,0,0,15:02:51.049,Quest-Pro,BeatSaber,PopStars-Easy,False,True,0.0
3,4,1382,525,73,0ms,0,0,0,0/0/0/0,1,0,0,FF,0/70/0,N/F/N,2092MHz,8126,0,27.7C/0.0C,4.01ms,0.89ms,1.17ms,13.86ms,3(DR0,0.45,0.19(W0.22),1.00,18.54/22.83,21.48,1,1.21,0,0,15:02:52.049,Quest-Pro,BeatSaber,PopStars-Easy,False,True,0.0
3,4,1382,525,73,0ms,0,0,0,0/0/0/0,1,0,0,FF,0/70/0,N/F/N,2092MHz,8126,0,27.7C/0.0C,3.97ms,0.80ms,1.15ms,13.86ms,3(DR0,0.44,0.16(W0.23),1.00,18.77/22.49,21.28,1,1.21,0,0,15:02:53.049,Quest-Pro,BeatSaber,PopStars-Easy,False,True,0.0
3,4,1382,525,73,0ms,0,0,1,0/0/0/1,1,0,0,FF,0/70/0,N/F/N,2092MHz,8126,0,27.7C/0.0C,3.99ms,0.79ms,1.16ms,13.87ms,3(DR0,0.45,0.12(W0.32),1.00,18.52/22.71,21.21,1,1.21,0,0,15:02:54.050,Quest-Pro,BeatSaber,PopStars-Easy,False,True,0.0
3,4,1382,525,73,0ms,0,0,0,0/0/0/0,1,0,0,FF,0/70/0,N/F/N,2092MHz,8126,0,27.7C/0.0C,3.97ms,0.90ms,1.16ms,13.87ms,3(DR0,0.44,0.22(W0.26),1.00,18.64/22.40,21.28,1,1.21,0,0,15:02:55.050,Quest-Pro,BeatSaber,PopStars-Easy,False,True,0.0
3,4,1382,525,73,0ms,0,0,0,0/0/0/0,1,0,0,FF,0/70/0,N/F/N,2092MHz,8126,0,27.7C/0.0C,3.99ms,0.83ms,1.15ms,13.86ms,3(DR0,0.44,0.08(W0.14),1.00,18.52/22.57,21.67,1,1.21,0,0,15:02:56.050,Quest-Pro,BeatSaber,PopStars-Easy,False,True,0.0
3,4,1382,525,73,0ms,0,0,0,0/0/0/0,1,0,0,FF,0/70/0,N/F/N,2092MHz,8126,0,27.7C/0.0C,4.01ms,0.84ms,1.16ms,13.87ms,3(DR0,0.44,0.13(W0.22),1.00,18.72/22.97,21.34,1,1.21,0,0,15:02:57.050,Quest-Pro,BeatSaber,PopStars-Easy,False,True,0.0
3,4,1382,525,73,0ms,0,0,0,0/0/0/0,1,0,0,FF,0/70/0,N/F/N,2092MHz,8126,0,27.7C/0.0C,3.87ms,0.90ms,1.16ms,13.87ms,3(DR0,0.44,0.11(W0.18),1.00,18.38/22.39,21.15,1,1.21,0,0,15:02:58.050,Quest-Pro,BeatSaber,PopStars-Easy,False,True,0.0
3,4,1382,525,73,0ms,0,0,0,0/0/0/0,1,0,0,FF,0/70/0,N/F/N,2092MHz,8126,0,27.7C/0.0C,3.97ms,0.82ms,1.15ms,13.86ms,3(DR0,0.45,0.11(W0.19),1.00,18.73/22.70,21.49,1,1.21,0,0,15:02:59.050,Quest-Pro,BeatSaber,PopStars-Easy,False,True,0.0
3,4,1382,525,73,0ms,0,0,0,0/0/0/0,1,0,0,FF,0/70/0,N/F/N,2092MHz,8126,0,27.7C/0.0C,4.10ms,0.84ms,1.12ms,13.86ms,3(DR0,0.44,0.12(W0.15),1.00,18.51/23.10,21.42,1,1.21,0,0,15:03:00.050,Quest-Pro,BeatSaber,PopStars-Easy,False,True,0.0
3,4,1382,525,73,0ms,0,0,0,0/0/0/0,1,0,0,FF,0/70/0,N/F/N,2092MHz,8126,0,27.7C/0.0C,3.86ms,0.91ms,1.13ms,13.87ms,3(DR0,0.45,0.12(W0.16),1.00,18.33/22.66,21.38,1,1.21,0,0,15:03:01.050,Quest-Pro,BeatSaber,PopStars-Easy,False,True,0.0
3,4,1382,525,73,0ms,0,0,2,1/0/0/2,1,0,0,FF,0/70/0,N/F/N,2092MHz,8126,0,27.7C/0.0C,3.99ms,0.79ms,1.13ms,13.87ms,3(DR0,0.44,0.15(W0.18),1.00,18.47/23.63,21.73,1,1.21,0,0,15:03:02.050,Quest-Pro,BeatSaber,PopStars-Easy,False,True,0.0
3,4,1382,525,73,0ms,2,0,2,0/0/0/0,1,0,0,FF,0/70/0,N/F/N,2092MHz,8126,0,27.7C/0.0C,4.17ms,0.63ms,1.17ms,13.30ms,3(DR0,0.45,0.19(W0.24),1.00,11.92/23.80,23.49,1,1.21,0,0,15:03:03.050,Quest-Pro,BeatSaber,PopStars-Easy,False,True,0.0
3,4,1382,525,73,0ms,0,0,1,1/0/0/3,1,0,0,FF,0/70/0,N/F/N,2092MHz,8126,0,27.7C/0.0C,4.00ms,0.75ms,1.16ms,13.07ms,3(DR0,0.44,0.05(W0.06),1.00,21.95/27.88,26.53,1,1.21,0,0,15:03:04.050,Quest-Pro,BeatSaber,PopStars-Easy,False,True,0.0
3,4,1382,525,72,0ms,0,0,0,0/0/0/0,1,0,0,FF,0/70/0,N/F/N,2092MHz,8126,0,27.7C/0.0C,3.86ms,0.78ms,1.16ms,13.10ms,3(DR0,0.44,0.18(W0.25),1.00,20.29/25.58,24.29,1,1.21,0,0,15:03:05.050,Quest-Pro,BeatSaber,PopStars-Easy,False,True,0.0
3,4,1382,525,72,0ms,0,0,0,0/0/0/0,1,0,0,FF,0/70/0,N/F/N,2092MHz,8126,0,27.7C/0.0C,3.99ms,0.80ms,1.17ms,13.14ms,3(DR0,0.45,0.12(W0.15),1.00,14.75/23.76,23.06,1,1.21,0,0,15:03:06.050,Quest-Pro,BeatSaber,PopStars-Easy,False,True,0.0
3,4,1382,525,73,0ms,0,0,2,1/0/0/2,1,0,0,FF,0/70/0,N/F/N,2092MHz,8126,0,27.7C/0.0C,4.01ms,0.76ms,1.16ms,13.50ms,3(DR0,0.44,0.25(W0.26),1.00,14.75/27.47,26.35,1,1.21,0,0,15:03:07.050,Quest-Pro,BeatSaber,PopStars-Easy,False,True,0.0
3,4,1382,525,72,0ms,0,0,0,0/0/0/0,1,0,0,FF,0/70/0,N/F/N,2092MHz,8126,0,27.7C/0.0C,4.02ms,0.75ms,1.16ms,13.89ms,3(DR0,0.45,0.12(W0.19),1.00,21.05/25.86,24.22,1,1.21,0,0,15:03:08.051,Quest-Pro,BeatSaber,PopStars-Easy,False,True,0.0
3,4,1382,525,72,0ms,0,0,0,0/0/0/0,1,0,0,FF,0/70/0,N/F/N,2092MHz,8132,0,27.7C/0.0C,4.00ms,0.66ms,1.18ms,13.88ms,3(DR0,0.44,0.11(W0.18),1.00,19.83/24.11,22.98,1,1.21,0,0,15:03:09.058,Quest-Pro,BeatSaber,PopStars-Easy,False,True,0.0
3,4,1382,525,72,0ms,0,0,0,0/0/0/0,1,0,0,FF,0/70/0,N/F/N,2092MHz,8132,0,27.7C/0.0C,4.00ms,0.73ms,1.18ms,13.87ms,3(DR0,0.46,0.18(W0.22),1.00,19.26/23.34,22.24,1,1.21,0,0,15:03:10.051,Quest-Pro,BeatSaber,PopStars-Easy,False,True,0.0
3,4,1382,525,72,0ms,0,0,0,0/0/0/0,1,0,0,FF,0/70/0,N/F/N,2092MHz,8132,0,27.7C/0.0C,3.98ms,0.79ms,1.18ms,13.87ms,3(DR0,0.45,0.22(W0.24),1.00,18.97/22.90,21.80,1,1.21,0,0,15:03:11.051,Quest-Pro,BeatSaber,PopStars-Easy,False,True,0.0
3,4,1382,525,72,0ms,0,0,2,0/0/0/1,1,0,0,FF,0/70/0,N/F/N,2092MHz,8132,0,27.7C/0.0C,4.02ms,0.76ms,1.18ms,13.87ms,3(DR0,0.45,0.15(W0.18),1.00,18.76/22.38,21.36,1,1.21,0,0,15:03:12.051,Quest-Pro,BeatSaber,PopStars-Easy,False,True,0.0
3,4,1382,525,73,0ms,0,0,0,0/0/0/0,1,0,0,FF,0/70/0,N/F/N,2092MHz,8132,0,27.7C/0.0C,3.99ms,0.79ms,1.16ms,13.87ms,3(DR0,0.45,0.07(W0.15),1.00,18.49/22.63,21.48,1,1.21,0,0,15:03:13.051,Quest-Pro,BeatSaber,PopStars-Easy,False,True,0.0
3,4,1382,525,73,0ms,0,0,1,0/0/0/1,1,0,0,FF,0/70/0,N/F/N,2092MHz,8132,0,27.7C/0.0C,4.00ms,0.86ms,1.11ms,13.87ms,3(DR0,0.44,0.10(W0.15),1.00,18.76/22.75,21.53,1,1.21,0,0,15:03:14.051,Quest-Pro,BeatSaber,PopStars-Easy,False,True,0.0
3,4,1382,525,73,0ms,0,0,0,0/0/0/0,1,0,0,FF,0/70/0,N/F/N,2092MHz,8132,0,27.7C/0.0C,4.01ms,0.86ms,1.13ms,13.86ms,3(DR0,0.45,0.16(W0.23),1.00,18.56/23.16,21.50,1,1.21,0,0,15:03:15.051,Quest-Pro,BeatSaber,PopStars-Easy,False,True,0.0
3,4,1382,525,73,0ms,0,0,0,0/0/0/0,1,0,0,FF,0/70/0,N/F/N,2092MHz,8132,0,27.7C/0.0C,4.03ms,0.84ms,1.14ms,13.85ms,3(DR0,0.44,0.16(W0.26),1.00,18.51/23.60,21.74,1,1.21,0,0,15:03:16.051,Quest-Pro,BeatSaber,PopStars-Easy,False,True,0.0
3,4,1382,525,73,0ms,0,0,0,0/0/0/0,1,0,0,FF,0/70/0,N/F/N,2092MHz,8132,0,27.7C/0.0C,4.01ms,0.78ms,1.15ms,13.85ms,3(DR0,0.45,0.17(W0.26),1.00,18.50/23.34,21.83,1,1.21,0,0,15:03:17.051,Quest-Pro,BeatSaber,PopStars-Easy,False,True,0.0
3,4,1382,525,73,0ms,0,0,2,1/0/0/2,1,0,0,FF,0/70/0,N/F/N,2092MHz,8132,0,27.7C/0.0C,4.00ms,0.74ms,1.15ms,13.58ms,3(DR0,0.44,0.13(W0.19),1.00,18.58/23.75,22.29,1,1.21,0,0,15:03:18.051,Quest-Pro,BeatSaber,PopStars-Easy,False,True,0.0
3,4,1382,525,72,0ms,0,0,0,0/0/0/0,1,0,0,FF,0/70/0,N/F/N,2092MHz,8132,0,27.7C/0.0C,4.01ms,0.75ms,1.14ms,13.62ms,3(DR0,0.45,0.21(W0.29),1.00,18.88/23.21,21.99,1,1.21,0,0,15:03:19.051,Quest-Pro,BeatSaber,PopStars-Easy,False,True,0.0
3,4,1382,525,72,0ms,0,0,2,1/0/0/2,1,0,0,FF,0/70/0,N/F/N,2092MHz,8132,0,27.7C/0.0C,3.98ms,0.78ms,1.16ms,13.72ms,3(DR0,0.46,0.10(W0.14),1.00,18.74/22.44,21.68,1,1.21,0,0,15:03:20.051,Quest-Pro,BeatSaber,PopStars-Easy,False,True,0.0
3,4,1382,525,72,0ms,0,0,0,0/0/0/0,1,0,0,FF,0/70/0,N/F/N,1555MHz,8132,0,27.7C/0.0C,4.01ms,0.80ms,1.16ms,13.12ms,3(DR0,0.45,0.17(W0.20),1.00,18.42/23.15,21.71,1,1.21,0,0,15:03:21.051,Quest-Pro,BeatSaber,PopStars-Easy,False,True,0.0
3,4,1382,525,73,0ms,0,0,0,0/0/0/0,1,0,0,FF,0/70/0,N/F/N,1804MHz,8132,0,27.7C/0.0C,3.98ms,0.77ms,1.17ms,13.13ms,3(DR0,0.44,0.12(W0.19),1.00,18.53/23.12,21.66,1,1.21,0,0,15:03:22.051,Quest-Pro,BeatSaber,PopStars-Easy,False,True,0.0
3,4,1382,525,73,0ms,0,0,0,0/0/0/0,1,0,0,FF,0/70/0,N/F/N,1804MHz,8132,0,27.7C/0.0C,4.04ms,0.87ms,1.17ms,13.13ms,3(DR0,0.45,0.14(W0.19),1.00,18.41/22.54,21.49,1,1.21,0,0,15:03:23.051,Quest-Pro,BeatSaber,PopStars-Easy,False,True,0.0
3,4,1382,525,73,0ms,0,0,0,0/0/0/0,1,0,0,FF,0/70/0,N/F/N,1804MHz,8132,0,27.7C/0.0C,4.01ms,0.88ms,1.17ms,13.13ms,3(DR0,0.44,0.19(W0.29),1.00,18.50/22.39,21.29,1,1.21,0,0,15:03:24.052,Quest-Pro,BeatSaber,PopStars-Easy,False,True,0.0
3,4,1382,525,73,0ms,0,0,1,0/0/0/1,1,0,0,FF,0/70/0,N/F/N,1804MHz,8132,0,27.7C/0.0C,3.90ms,1.27ms,1.11ms,13.13ms,3(DR0,0.44,0.03(W0.10),1.00,18.64/23.11,21.36,1,1.21,0,0,15:03:25.052,Quest-Pro,BeatSaber,PopStars-Easy,False,True,0.0
3,4,1382,525,71,0ms,0,0,1,0/0/0/1,1,0,0,FF,0/70/0,N/F/N,1804MHz,8132,0,27.7C/0.0C,4.00ms,0.86ms,1.49ms,14.19ms,3(DR0,0.48,0.13(W0.19),1.00,18.45/22.83,21.80,1,1.21,0,0,15:03:26.052,Quest-Pro,BeatSaber,PopStars-Easy,False,True,0.0
3,4,1382,525,73,0ms,0,0,0,0/0/0/0,1,0,0,FF,0/70/0,N/F/N,1804MHz,8132,0,27.7C/0.0C,3.97ms,0.81ms,1.76ms,13.87ms,3(DR0,0.48,0.07(W0.11),1.00,18.79/23.26,21.68,1,1.21,0,0,15:03:27.052,Quest-Pro,BeatSaber,PopStars-Easy,False,True,0.0
3,4,1382,525,72,0ms,0,0,0,0/0/0/0,1,0,0,FF,0/70/0,N/F/N,2092MHz,8132,0,27.7C/0.0C,3.86ms,0.86ms,1.75ms,13.87ms,3(DR0,0.48,0.19(W0.23),1.00,18.61/22.69,21.45,1,1.21,0,0,15:03:28.052,Quest-Pro,BeatSaber,PopStars-Easy,False,True,0.0
3,4,1382,525,73,0ms,0,0,0,0/0/0/0,1,0,0,FF,0/70/0,N/F/N,2092MHz,8119,0,27.7C/0.0C,4.03ms,1.19ms,1.75ms,13.86ms,3(DR0,0.50,0.11(W0.18),1.00,18.70/22.27,21.39,1,1.21,0,0,15:03:29.059,Quest-Pro,BeatSaber,PopStars-Easy,False,True,0.0
3,4,1382,525,73,0ms,0,0,3,1/0/0/2,1,0,0,FF,0/70/0,N/F/N,2092MHz,8119,0,27.7C/0.0C,3.83ms,0.68ms,1.05ms,13.42ms,3(DR0,0.43,0.12(W0.16),1.00,18.46/23.51,21.78,1,1.21,0,0,15:03:30.052,Quest-Pro,BeatSaber,PopStars-Easy,False,True,0.0
3,4,1382,525,72,0ms,0,0,0,0/0/0/0,1,0,0,FF,0/70/0,N/F/N,2092MHz,8119,0,27.7C/0.0C,4.06ms,0.79ms,0.94ms,13.66ms,3(DR0,0.43,0.08(W0.10),1.00,18.54/23.20,21.71,1,1.21,0,0,15:03:31.052,Quest-Pro,BeatSaber,PopStars-Easy,False,True,0.0
3,4,1382,525,73,0ms,0,0,0,0/0/0/0,1,0,0,FF,0/70/0,N/F/N,2092MHz,8119,0,27.7C/0.0C,3.97ms,0.80ms,0.98ms,13.86ms,3(DR0,0.44,0.17(W0.19),1.00,18.57/22.65,21.64,1,1.21,0,0,15:03:32.052,Quest-Pro,BeatSaber,PopStars-Easy,False,True,0.0
3,4,1382,525,73,0ms,0,0,0,0/0/0/0,1,0,0,FF,0/70/0,N/F/N,2092MHz,8119,0,27.7C/0.0C,3.95ms,0.80ms,1.07ms,13.86ms,3(DR0,0.43,0.12(W0.15),1.00,18.49/23.10,21.53,1,1.21,0,0,15:03:33.052,Quest-Pro,BeatSaber,PopStars-Easy,False,True,0.0
3,4,1382,525,73,0ms,0,0,3,1/0/0/3,1,0,0,FF,0/70/0,N/F/N,2092MHz,8119,0,27.7C/0.0C,3.97ms,0.77ms,1.04ms,13.85ms,3(DR0,0.44,0.10(W0.14),1.00,17.97/23.30,22.34,1,1.21,0,0,15:03:34.052,Quest-Pro,BeatSaber,PopStars-Easy,False,True,0.0
3,4,1382,525,72,0ms,0,0,0,0/0/0/0,1,0,0,FF,0/70/0,N/F/N,2092MHz,8119,0,27.7C/0.0C,3.99ms,0.75ms,1.04ms,13.87ms,3(DR0,0.44,0.10(W0.15),1.00,19.20/23.23,21.83,1,1.21,0,0,15:03:35.052,Quest-Pro,BeatSaber,PopStars-Easy,False,True,0.0
3,4,1382,525,72,0ms,0,0,0,0/0/0/0,1,0,0,FF,0/70/0,N/F/N,2092MHz,8119,0,27.7C/0.0C,3.99ms,0.79ms,1.04ms,13.87ms,3(DR0,0.44,0.10(W0.18),1.00,19.05/22.77,21.38,1,1.21,0,0,15:03:36.052,Quest-Pro,BeatSaber,PopStars-Easy,False,True,0.0
3,4,1382,525,72,0ms,0,0,0,0/0/0/0,1,0,0,FF,0/70/0,N/F/N,2092MHz,8119,0,27.7C/0.0C,4.00ms,0.77ms,1.05ms,13.87ms,3(DR0,0.44,0.10(W0.14),1.00,18.62/21.88,21.20,1,1.21,0,0,15:03:37.053,Quest-Pro,BeatSaber,PopStars-Easy,False,True,0.0
3,4,1382,525,73,0ms,0,0,1,0/0/0/1,1,0,0,FF,0/70/0,N/F/N,2092MHz,8119,0,27.7C/0.0C,3.99ms,0.80ms,1.05ms,13.86ms,3(DR0,0.44,0.17(W0.23),1.00,18.45/22.36,21.34,1,1.21,0,0,15:03:38.053,Quest-Pro,BeatSaber,PopStars-Easy,False,True,0.0
3,4,1382,525,73,0ms,0,0,0,0/0/0/0,1,0,0,FF,0/70/0,N/F/N,1555MHz,8119,0,27.7C/0.0C,3.97ms,0.86ms,1.07ms,13.87ms,3(DR0,0.44,0.14(W0.18),1.00,18.63/22.09,21.25,1,1.21,0,0,15:03:39.053,Quest-Pro,BeatSaber,PopStars-Easy,False,True,0.0
3,4,1382,525,73,0ms,0,0,0,0/0/0/0,1,0,0,FF,0/70/0,N/F/N,1555MHz,8119,0,27.7C/0.0C,3.86ms,0.94ms,1.06ms,13.86ms,3(DR0,0.44,0.18(W0.29),1.00,18.51/23.05,21.42,1,1.21,0,0,15:03:40.053,Quest-Pro,BeatSaber,PopStars-Easy,False,True,0.0
3,4,1382,525,73,0ms,0,0,0,0/0/0/0,1,0,0,FF,0/70/0,N/F/N,1804MHz,8119,0,27.7C/0.0C,3.99ms,0.78ms,1.09ms,13.86ms,3(DR0,0.44,0.17(W0.22),1.00,18.44/23.48,21.64,1,1.21,0,0,15:03:41.053,Quest-Pro,BeatSaber,PopStars-Easy,False,True,0.0
3,4,1382,525,73,0ms,0,0,0,0/0/0/0,1,0,0,FF,0/70/0,N/F/N,1804MHz,8119,0,27.7C/0.0C,3.97ms,0.83ms,1.08ms,13.86ms,3(DR0,0.44,0.10(W0.19),1.00,18.72/23.90,21.65,1,1.21,0,0,15:03:42.053,Quest-Pro,BeatSaber,PopStars-Easy,False,True,0.0
3,4,1382,525,73,0ms,0,0,0,0/0/0/0,1,0,0,FF,0/70/0,N/F/N,1804MHz,8119,0,27.7C/0.0C,3.98ms,0.80ms,1.07ms,13.86ms,3(DR0,0.44,0.13(W0.23),1.00,18.60/23.31,21.65,1,1.21,0,0,15:03:43.053,Quest-Pro,BeatSaber,PopStars-Easy,False,True,0.0
3,4,1382,525,73,0ms,0,0,0,0/0/0/0,1,0,0,FF,0/70/0,N/F/N,1804MHz,8119,0,27.7C/0.0C,3.98ms,0.81ms,1.10ms,13.86ms,3(DR0,0.44,0.16(W0.18),1.00,18.56/22.74,21.56,1,1.21,0,0,15:03:44.053,Quest-Pro,BeatSaber,PopStars-Easy,False,True,0.0
3,4,1382,525,73,0ms,0,0,0,0/0/0/0,1,0,0,FF,0/70/0,N/F/N,1804MHz,8119,0,27.7C/0.0C,3.98ms,0.87ms,1.08ms,13.86ms,3(DR0,0.44,0.13(W0.19),1.00,18.85/22.85,21.43,1,1.21,0,0,15:03:45.053,Quest-Pro,BeatSaber,PopStars-Easy,False,True,0.0
3,4,1382,525,73,0ms,0,0,2,1/0/0/2,1,0,0,FF,0/70/0,N/F/N,1804MHz,8119,0,27.7C/0.0C,3.96ms,0.81ms,1.08ms,13.59ms,3(DR0,0.43,0.04(W0.05),1.00,18.57/22.54,21.50,1,1.21,0,0,15:03:46.053,Quest-Pro,BeatSaber,PopStars-Easy,False,True,0.0
3,4,1382,525,73,0ms,0,0,0,0/0/0/0,1,0,0,FF,0/70/0,N/F/N,1804MHz,8119,0,27.7C/0.0C,3.99ms,0.90ms,1.07ms,13.14ms,3(DR0,0.44,0.19(W0.25),1.00,18.62/22.40,21.37,1,1.21,0,0,15:03:47.053,Quest-Pro,BeatSaber,PopStars-Easy,False,True,0.0
3,4,1382,525,73,0ms,0,0,0,0/0/0/0,1,0,0,FF,0/70/0,N/F/N,2092MHz,8119,0,27.5C/0.0C,3.85ms,0.95ms,1.08ms,13.13ms,3(DR0,0.44,0.12(W0.15),1.00,18.62/22.40,21.37,1,1.21,0,0,15:03:48.053,Quest-Pro,BeatSaber,PopStars-Easy,False,True,0.0
3,4,1382,525,73,0ms,0,0,2,1/0/0/2,1,0,0,FF,0/70/0,N/F/N,2092MHz,8131,0,27.5C/0.0C,4.00ms,0.78ms,1.08ms,13.13ms,3(DR0,0.44,0.12(W0.14),1.00,18.56/23.50,21.52,1,1.21,0,0,15:03:49.061,Quest-Pro,BeatSaber,PopStars-Easy,False,True,0.0
3,4,1382,525,73,0ms,0,0,0,0/0/0/0,1,0,0,FF,0/70/0,N/F/N,2092MHz,8131,0,27.5C/0.0C,4.00ms,0.91ms,1.08ms,13.14ms,3(DR0,0.44,0.20(W0.23),1.00,18.76/24.15,21.93,1,1.21,0,0,15:03:50.053,Quest-Pro,BeatSaber,PopStars-Easy,False,True,0.0
3,4,1382,525,73,0ms,0,0,0,0/0/0/0,1,0,0,FF,0/70/0,N/F/N,2092MHz,8131,0,27.5C/0.0C,3.85ms,0.94ms,1.11ms,13.56ms,3(DR0,0.43,0.20(W0.32),1.00,18.71/23.85,21.98,1,1.21,0,0,15:03:51.054,Quest-Pro,BeatSaber,PopStars-Easy,False,True,0.0
3,4,1382,525,71,0ms,0,0,3,1/0/0/3,1,0,0,FF,0/70/0,N/F/N,2092MHz,8131,0,27.5C/0.0C,4.12ms,0.58ms,1.09ms,13.74ms,3(DR0,0.45,0.23(W0.25),1.00,18.83/24.18,23.51,1,1.21,0,0,15:03:52.054,Quest-Pro,BeatSaber,PopStars-Easy,False,True,0.0
3,4,1382,525,72,0ms,0,0,6,0/1/0/6,1,0,0,FF,0/70/0,N/F/N,2092MHz,8131,0,27.5C/0.0C,3.97ms,0.95ms,1.11ms,13.12ms,3(DR0,0.46,0.10(W0.15),1.00,19.65/23.70,22.53,1,1.21,0,0,15:03:53.054,Quest-Pro,BeatSaber,PopStars-Easy,False,True,0.0
3,4,1382,525,72,0ms,0,0,0,0/0/0/0,1,0,0,FF,0/70/0,N/F/N,2092MHz,8131,0,27.5C/0.0C,3.99ms,0.94ms,1.10ms,13.13ms,3(DR0,0.46,0.14(W0.18),1.00,19.20/24.01,22.25,1,1.21,0,0,15:03:54.054,Quest-Pro,BeatSaber,PopStars-Easy,False,True,0.0
3,4,1382,525,73,0ms,0,0,0,0/0/0/0,1,0,0,FF,0/70/0,N/F/N,2092MHz,8131,0,27.5C/0.0C,3.98ms,0.88ms,1.11ms,13.34ms,3(DR0,0.44,0.07(W0.10),1.00,18.96/22.73,21.77,1,1.21,0,0,15:03:55.054,Quest-Pro,BeatSaber,PopStars-Easy,False,True,0.0
3,4,1382,525,72,0ms,0,0,2,1/0/0/2,1,0,0,FF,0/70/0,N/F/N,2092MHz,8131,0,27.5C/0.0C,3.96ms,0.67ms,1.11ms,13.87ms,3(DR0,0.44,0.10(W0.19),1.00,18.76/23.37,22.37,1,1.21,0,0,15:03:56.054,Quest-Pro,BeatSaber,PopStars-Easy,False,True,0.0
3,4,1382,525,72,0ms,0,0,0,0/0/0/0,1,0,0,FF,0/70/0,N/F/N,2092MHz,8131,0,27.5C/0.0C,4.02ms,0.88ms,1.93ms,13.87ms,3(DR0,0.50,0.18(W0.26),1.00,19.20/22.96,22.22,1,1.21,0,0,15:03:57.054,Quest-Pro,BeatSaber,PopStars-Easy,False,True,0.0
3,4,1382,525,73,0ms,0,0,0,0/0/0/0,1,0,0,FF,0/70/0,N/F/N,2092MHz,8131,0,27.5C/0.0C,4.19ms,0.98ms,2.15ms,13.86ms,3(DR0,0.55,0.18(W0.35),1.00,18.99/23.24,21.87,1,1.21,0,0,15:03:58.054,Quest-Pro,BeatSaber,PopStars-Easy,False,True,0.0
3,4,1382,525,73,0ms,0,0,0,0/0/0/0,1,0,0,FF,0/70/0,N/F/N,2092MHz,8131,0,27.5C/0.0C,4.03ms,0.93ms,1.90ms,13.87ms,3(DR0,0.51,0.16(W0.32),1.00,19.19/22.78,21.61,1,1.21,0,0,15:03:59.054,Quest-Pro,BeatSaber,PopStars-Easy,False,True,0.0
3,4,1382,525,73,0ms,0,0,1,0/0/0/1,1,0,0,FF,0/70/0,N/F/N,2092MHz,8131,0,27.5C/0.0C,4.02ms,0.66ms,1.13ms,13.86ms,3(DR0,0.46,0.16(W0.23),1.00,18.69/26.99,21.99,1,1.21,0,0,15:04:00.054,Quest-Pro,BeatSaber,PopStars-Easy,False,True,0.0
3,4,1382,525,73,0ms,0,0,0,0/0/0/0,1,0,0,FF,0/70/0,N/F/N,2092MHz,8131,0,27.7C/0.0C,4.01ms,0.85ms,1.82ms,13.86ms,3(DR0,0.49,0.15(W0.15),1.00,18.80/22.47,21.35,1,1.21,0,0,15:04:01.054,Quest-Pro,BeatSaber,PopStars-Easy,False,True,0.0
3,4,1382,525,73,0ms,0,0,0,0/0/0/0,1,0,0,FF,0/70/0,N/F/N,2092MHz,8131,0,27.7C/0.0C,4.08ms,0.82ms,1.19ms,13.86ms,3(DR0,0.45,0.12(W0.15),1.00,18.74/23.51,21.96,1,1.21,0,0,15:04:02.054,Quest-Pro,BeatSaber,PopStars-Easy,False,True,0.0
3,4,1382,525,72,0ms,0,0,0,0/0/0/0,1,0,0,FF,0/70/0,N/F/N,2092MHz,8131,0,27.7C/0.0C,4.03ms,0.79ms,1.15ms,13.87ms,3(DR0,0.45,0.13(W0.19),1.00,18.95/23.32,22.01,1,1.21,0,0,15:04:03.054,Quest-Pro,BeatSaber,PopStars-Easy,False,True,0.0
3,4,1382,525,72,0ms,0,0,0,0/0/0/0,1,0,0,FF,0/70/0,N/F/N,2092MHz,8131,0,27.7C/0.0C,4.01ms,0.76ms,1.15ms,13.86ms,3(DR0,0.44,0.16(W0.22),1.00,18.76/23.07,21.76,1,1.21,0,0,15:04:04.054,Quest-Pro,BeatSaber,PopStars-Easy,False,True,0.0
3,4,1382,525,73,0ms,0,0,0,0/0/0/0,1,0,0,FF,0/70/0,N/F/N,2092MHz,8131,0,27.7C/0.0C,3.96ms,0.72ms,1.07ms,13.86ms,3(DR0,0.43,0.12(W0.15),1.00,18.70/24.20,21.75,1,1.21,0,0,15:04:05.055,Quest-Pro,BeatSaber,PopStars-Easy,False,True,0.0
3,4,1382,525,73,0ms,0,0,0,0/0/0/0,1,0,0,FF,0/70/0,N/F/N,2092MHz,8131,0,27.7C/0.0C,3.97ms,0.76ms,1.11ms,13.86ms,3(DR0,0.44,0.21(W0.29),1.00,18.75/23.45,21.86,1,1.21,0,0,15:04:06.055,Quest-Pro,BeatSaber,PopStars-Easy,False,True,0.0
3,4,1382,525,73,0ms,0,0,0,0/0/0/0,1,0,0,FF,0/70/0,N/F/N,2092MHz,8131,0,27.7C/0.0C,4.00ms,0.80ms,1.11ms,13.87ms,3(DR0,0.44,0.14(W0.16),1.00,18.48/23.60,21.75,1,1.21,0,0,15:04:07.055,Quest-Pro,BeatSaber,PopStars-Easy,False,True,0.0
3,4,1382,525,73,0ms,0,0,0,0/0/0/0,1,0,0,FF,0/70/0,N/F/N,2092MHz,8131,0,27.7C/0.0C,4.01ms,0.78ms,1.11ms,13.86ms,3(DR0,0.44,0.20(W0.26),1.00,18.70/24.03,21.75,1,1.21,0,0,15:04:08.055,Quest-Pro,BeatSaber,PopStars-Easy,False,True,0.0
3,4,1382,525,73,0ms,0,0,1,0/0/0/1,1,0,0,FF,0/70/0,N/F/N,2092MHz,8130,0,27.7C/0.0C,4.02ms,0.71ms,1.11ms,13.58ms,3(DR0,0.44,0.09(W0.11),1.00,18.46/23.69,21.76,1,1.21,0,0,15:04:09.063,Quest-Pro,BeatSaber,PopStars-Easy,False,True,0.0
3,4,1382,525,72,0ms,0,0,4,1/0/0/4,1,0,0,FF,0/70/0,N/F/N,2092MHz,8130,0,27.7C/0.0C,4.04ms,0.63ms,1.13ms,13.10ms,3(DR0,0.44,0.12(W0.19),1.00,15.80/26.96,27.02,1,1.21,0,0,15:04:10.055,Quest-Pro,BeatSaber,PopStars-Easy,False,True,0.0
3,4,1382,525,72,0ms,0,0,0,0/0/0/0,1,0,0,FF,0/70/0,N/F/N,2092MHz,8130,0,27.7C/0.0C,3.98ms,0.75ms,1.13ms,13.12ms,3(DR0,0.44,0.14(W0.25),1.00,20.95/26.35,24.98,1,1.21,0,0,15:04:11.055,Quest-Pro,BeatSaber,PopStars-Easy,False,True,0.0
3,4,1382,525,72,0ms,0,0,0,0/0/0/0,1,0,0,FF,0/70/0,N/F/N,2092MHz,8130,0,27.7C/0.0C,4.07ms,0.97ms,1.67ms,13.11ms,3(DR0,0.50,0.21(W0.26),1.00,19.91/24.74,23.29,1,1.21,0,0,15:04:12.055,Quest-Pro,BeatSaber,PopStars-Easy,False,True,0.0
3,4,1382,525,72,0ms,0,0,2,1/0/0/2,1,0,0,FF,0/70/0,N/F/N,2092MHz,8130,0,27.7C/0.0C,4.19ms,0.94ms,1.75ms,13.14ms,3(DR0,0.51,0.14(W0.18),1.00,19.49/24.16,22.66,1,1.21,0,0,15:04:13.055,Quest-Pro,BeatSaber,PopStars-Easy,False,True,0.0
3,4,1382,525,73,0ms,0,0,2,0/0/0/0,1,0,0,FF,0/70/0,N/F/N,2092MHz,8130,0,27.7C/0.0C,4.03ms,0.64ms,1.53ms,13.14ms,3(DR0,0.47,0.16(W0.19),1.00,19.14/23.56,22.13,1,1.21,0,0,15:04:14.055,Quest-Pro,BeatSaber,PopStars-Easy,False,True,0.0
3,4,1382,525,73,0ms,0,0,3,2/0/0/3,1,0,0,FF,0/70/0,N/F/N,2092MHz,8130,0,27.7C/0.0C,4.09ms,0.85ms,1.11ms,13.13ms,3(DR0,0.45,0.19(W0.23),1.00,18.69/22.68,21.84,1,1.21,0,0,15:04:15.055,Quest-Pro,BeatSaber,PopStars-Easy,False,True,0.0
3,4,1382,525,73,0ms,0,0,0,0/0/0/0,1,0,0,FF,0/70/0,N/F/N,2092MHz,8130,0,27.7C/0.0C,3.96ms,0.69ms,1.12ms,13.13ms,3(DR0,0.43,0.19(W0.26),1.00,18.80/22.81,21.70,1,1.21,0,0,15:04:16.055,Quest-Pro,BeatSaber,PopStars-Easy,False,True,0.0
3,4,1382,525,73,0ms,0,0,0,0/0/0/0,1,0,0,FF,0/70/0,N/F/N,2092MHz,8130,0,27.7C/0.0C,4.03ms,0.95ms,1.79ms,13.15ms,3(DR0,0.51,0.10(W0.14),1.00,18.68/23.83,22.06,1,1.21,0,0,15:04:17.055,Quest-Pro,BeatSaber,PopStars-Easy,False,True,0.0
3,4,1382,525,73,0ms,0,0,4,1/0/0/4,1,0,0,FF,0/70/0,N/F/N,2092MHz,8130,0,27.7C/0.0C,4.18ms,0.98ms,1.92ms,13.13ms,3(DR0,0.53,0.15(W0.19),1.00,18.57/24.25,22.10,1,1.21,0,0,15:04:18.055,Quest-Pro,BeatSaber,PopStars-Easy,False,True,0.0
3,4,1382,525,73,0ms,0,0,0,0/0/0/0,1,0,0,FF,0/70/0,N/F/N,2092MHz,8130,0,27.7C/0.0C,4.15ms,1.00ms,1.93ms,13.14ms,3(DR0,0.52,0.17(W0.19),1.00,18.98/24.00,22.14,1,1.21,0,0,15:04:19.055,Quest-Pro,BeatSaber,PopStars-Easy,False,True,0.0
3,4,1382,525,73,0ms,0,0,0,0/0/0/0,1,0,0,FF,0/70/0,N/F/N,2092MHz,8130,0,27.7C/0.0C,3.98ms,0.59ms,1.12ms,13.39ms,3(DR0,0.46,0.22(W0.29),1.00,19.10/23.23,21.80,1,1.21,0,0,15:04:20.056,Quest-Pro,BeatSaber,PopStars-Easy,False,True,0.0
3,4,1382,525,72,0ms,0,0,7,2/0/0/3,1,0,0,FF,0/70/0,N/F/N,2092MHz,8130,0,27.7C/0.0C,4.00ms,0.76ms,1.11ms,13.90ms,3(DR0,0.44,0.13(W0.15),1.00,15.51/27.33,27.94,1,1.21,0,0,15:04:21.056,Quest-Pro,BeatSaber,PopStars-Easy,False,True,0.0
3,4,1382,525,72,0ms,0,0,0,0/0/0/0,1,0,0,FF,0/70/0,N/F/N,2092MHz,8130,0,27.7C/0.0C,4.20ms,0.69ms,1.13ms,13.88ms,3(DR0,0.46,0.11(W0.23),1.00,20.75/26.28,25.02,1,1.21,0,0,15:04:22.056,Quest-Pro,BeatSaber,PopStars-Easy,False,True,0.0
3,4,1382,525,72,0ms,0,0,2,1/0/0/2,1,0,0,FF,0/70/0,N/F/N,2092MHz,8130,0,27.7C/0.0C,4.01ms,0.82ms,1.12ms,13.87ms,3(DR0,0.45,0.18(W0.35),1.00,19.85/23.98,22.88,1,1.21,0,0,15:04:23.056,Quest-Pro,BeatSaber,PopStars-Easy,False,True,0.0
3,4,1382,525,72,0ms,0,0,0,0/0/0/0,1,0,0,FF,0/70/0,N/F/N,2092MHz,8130,0,27.7C/0.0C,4.00ms,0.79ms,1.08ms,13.87ms,3(DR0,0.44,0.21(W0.35),1.00,19.32/23.31,22.15,1,1.21,0,0,15:04:24.056,Quest-Pro,BeatSaber,PopStars-Easy,False,True,0.0
3,4,1382,525,72,0ms,0,0,0,0/0/0/0,1,0,0,FF,0/70/0,N/F/N,2092MHz,8130,0,27.7C/0.0C,4.02ms,0.82ms,1.08ms,13.87ms,3(DR0,0.45,0.19(W0.26),1.00,18.92/22.88,21.82,1,1.21,0,0,15:04:25.056,Quest-Pro,BeatSaber,PopStars-Easy,False,True,0.0
3,4,1382,525,73,0ms,0,0,0,0/0/0/0,1,0,0,FF,0/70/0,N/F/N,2092MHz,8130,0,27.7C/0.0C,3.98ms,0.71ms,1.08ms,13.86ms,3(DR0,0.44,0.10(W0.15),1.00,18.99/23.02,21.42,1,1.21,0,0,15:04:26.056,Quest-Pro,BeatSaber,PopStars-Easy,False,True,0.0
3,4,1382,525,73,0ms,0,0,0,0/0/0/0,1,0,0,FF,0/70/0,N/F/N,2092MHz,8130,0,27.7C/0.0C,4.01ms,0.76ms,1.05ms,13.86ms,3(DR0,0.44,0.20(W0.26),1.00,18.74/24.05,21.87,1,1.21,0,0,15:04:27.056,Quest-Pro,BeatSaber,PopStars-Easy,False,True,0.0
3,4,1382,525,73,0ms,0,0,0,0/0/0/0,1,0,0,FF,0/70/0,N/F/N,1804MHz,8130,0,27.7C/0.0C,4.02ms,0.83ms,1.03ms,13.86ms,3(DR0,0.43,0.23(W0.28),1.00,18.68/23.45,21.81,1,1.21,0,0,15:04:28.056,Quest-Pro,BeatSaber,PopStars-Easy,False,True,0.0
3,4,1382,525,73,0ms,0,0,2,1/0/0/2,1,0,0,FF,0/70/0,N/F/N,1804MHz,8128,0,27.7C/0.0C,4.34ms,1.30ms,1.10ms,13.85ms,3(DR0,0.48,0.13(W0.19),1.00,19.34/24.17,22.63,1,1.21,0,0,15:04:29.064,Quest-Pro,BeatSaber,PopStars-Easy,False,True,0.0
3,4,1382,525,72,0ms,0,0,4,1/0/0/4,1,0,0,FF,0/70/0,N/F/N,1804MHz,8128,0,27.7C/0.0C,4.29ms,0.88ms,1.21ms,13.87ms,3(DR0,0.48,0.07(W0.11),1.00,19.29/23.19,22.17,1,1.21,0,0,15:04:30.056,Quest-Pro,BeatSaber,PopStars-Easy,False,True,0.0
3,4,1382,525,72,0ms,0,0,0,0/0/0/0,1,0,0,FF,0/70/0,N/F/N,1804MHz,8128,0,27.7C/0.0C,4.29ms,0.71ms,1.22ms,13.86ms,3(DR0,0.48,0.13(W0.24),1.00,18.98/23.44,21.99,1,1.21,0,0,15:04:31.056,Quest-Pro,BeatSaber,PopStars-Easy,False,True,0.0
3,4,1382,525,73,0ms,0,0,0,0/0/0/0,1,0,0,FF,0/70/0,N/F/N,1804MHz,8128,0,27.7C/0.0C,4.25ms,1.07ms,1.97ms,13.86ms,3(DR0,0.54,0.17(W0.19),1.00,18.78/22.85,21.81,1,1.21,0,0,15:04:32.056,Quest-Pro,BeatSaber,PopStars-Easy,False,True,0.0
3,4,1382,525,73,0ms,0,0,2,1/0/0/2,1,0,0,FF,0/70/0,N/F/N,1804MHz,8128,0,27.7C/0.0C,4.25ms,0.95ms,1.94ms,13.87ms,3(DR0,0.53,0.09(W0.22),1.00,18.95/23.36,21.88,1,1.21,0,0,15:04:33.056,Quest-Pro,BeatSaber,PopStars-Easy,False,True,0.0
