CPU Level,GPU Level,CPU Frequency (MHz),GPU Frequency (MHz),FPS,Prd,Tear,Early,Stale,Stale2/5/10/max,VSnc,Lat,Fov,OC,TA,SP,Mem,Free,PLS,Temp,TW,App,GD,CPU&GPU,LCnt,GPU%,CPU%,DSF,CFL,ICFLp95,LD,SF,LP,DVFS,timestamp,altered_bandwidth,altered_dropchance,bandwidth,dropchance,device,app,app_details,is_record,is_wireless,repetition
5,4,1478,525,63,0ms,0,0,16,0/2/0/8,1,0,0,FF,0/70/0,N/F/N,1353MHz,2759,0,44.2C/0.0C,3.30ms,0.20ms,0.33ms,15.67ms,2(DR0,0.34,0.09(W0.18),1.00,15.50/21.47,19.20,0,1.21,0,0,16:47:32.228,True,False,80,0,Quest-2,BeatSaber,PopStars-Medium,False,False,1.0
5,4,1478,525,73,0ms,0,0,0,0/0/0/0,1,0,0,FF,0/70/0,N/F/N,1555MHz,2759,0,44.2C/0.0C,3.31ms,0.76ms,0.34ms,13.86ms,2(DR0,0.34,0.17(W0.31),1.00,15.44/21.41,19.17,0,1.21,0,0,16:47:33.228,True,False,80,0,Quest-2,BeatSaber,PopStars-Medium,False,False,1.0
5,4,1478,525,68,0ms,0,0,8,0/1/0/8,1,0,0,FF,0/70/0,N/F/N,1353MHz,2763,0,44.2C/0.0C,3.31ms,0.48ms,0.34ms,14.75ms,2(DR0,0.33,0.14(W0.22),1.00,15.41/21.52,19.08,0,1.21,0,0,16:47:34.236,True,False,80,0,Quest-2,BeatSaber,PopStars-Medium,False,False,1.0
5,4,1478,525,68,0ms,0,0,8,0/0/0/0,1,0,0,FF,0/70/0,N/F/N,1353MHz,2763,0,44.2C/0.0C,3.31ms,1.68ms,0.36ms,14.79ms,2(DR0,0.33,0.10(W0.14),1.00,15.40/21.34,19.15,0,1.21,0,0,16:47:35.229,True,False,80,0,Quest-2,BeatSaber,PopStars-Medium,False,False,1.0
5,4,1478,525,69,0ms,0,0,10,0/1/1/11,1,0,0,FF,0/70/0,N/F/N,1353MHz,2763,0,44.2C/0.0C,3.31ms,3.50ms,0.30ms,14.49ms,2(DR0,0.34,0.08(W0.17),1.00,15.26/21.53,19.35,0,1.21,0,0,16:47:36.229,True,False,80,0,Quest-2,BeatSaber,PopStars-Medium,False,False,1.0
5,4,1478,525,66,0ms,0,0,13,0/2/0/7,1,0,0,FF,0/70/0,N/F/N,1353MHz,2763,0,44.2C/0.0C,3.31ms,0.42ms,0.32ms,15.06ms,2(DR0,0.34,0.21(W0.26),1.00,15.79/21.48,19.46,0,1.21,0,0,16:47:37.229,True,False,80,0,Quest-2,BeatSaber,PopStars-Medium,False,False,1.0
5,4,1478,525,71,0ms,0,0,6,0/1/0/6,1,0,0,FF,0/70/0,N/F/N,1353MHz,2763,0,44.2C/0.0C,3.32ms,0.73ms,0.30ms,14.12ms,2(DR0,0.34,0.29(W0.37),1.00,15.76/21.85,19.27,0,1.21,0,0,16:47:38.229,True,False,80,0,Quest-2,BeatSaber,PopStars-Medium,False,False,1.0
5,4,1478,525,73,0ms,0,0,0,0/0/0/0,1,0,0,FF,0/70/0,N/F/N,1804MHz,2763,0,44.2C/0.0C,3.32ms,0.78ms,0.29ms,13.86ms,2(DR0,0.34,0.22(W0.25),1.00,15.62/21.90,19.18,0,1.21,0,0,16:47:39.229,True,False,80,0,Quest-2,BeatSaber,PopStars-Medium,False,False,1.0
5,4,1478,525,73,0ms,0,0,0,0/0/0/0,1,0,0,FF,0/70/0,N/F/N,1353MHz,2763,0,44.2C/0.0C,3.31ms,0.80ms,0.28ms,13.86ms,2(DR0,0.33,0.27(W0.32),1.00,15.49/21.42,19.12,0,1.21,0,0,16:47:40.229,True,False,80,0,Quest-2,BeatSaber,PopStars-Medium,False,False,1.0
5,4,1478,525,73,0ms,0,0,0,0/0/0/0,1,0,0,FF,0/70/0,N/F/N,1353MHz,2763,0,44.2C/0.0C,3.33ms,2.31ms,0.29ms,13.86ms,2(DR0,0.34,0.18(W0.25),1.00,15.47/21.29,19.11,0,1.21,0,0,16:47:41.229,True,False,80,0,Quest-2,BeatSaber,PopStars-Medium,False,False,1.0
5,4,1478,525,65,0ms,0,0,16,0/2/0/8,1,0,0,FF,0/70/0,N/F/N,1353MHz,2763,0,44.2C/0.0C,3.32ms,0.34ms,0.32ms,15.21ms,2(DR0,0.34,0.25(W0.29),1.00,15.43/21.56,19.21,0,1.21,0,0,16:47:42.229,True,False,80,0,Quest-2,BeatSaber,PopStars-Medium,False,False,1.0
5,4,1478,525,68,0ms,0,0,9,0/1/0/7,1,0,0,FF,0/70/0,N/F/N,1555MHz,2763,0,44.2C/0.0C,3.33ms,0.78ms,0.33ms,14.80ms,2(DR0,0.33,0.25(W0.26),1.00,15.46/21.55,19.19,0,1.21,0,0,16:47:43.229,True,False,80,0,Quest-2,BeatSaber,PopStars-Medium,False,False,1.0
5,4,1478,525,69,0ms,0,0,10,0/1/0/9,1,0,0,FF,0/70/0,N/F/N,1555MHz,2763,0,44.2C/0.0C,3.30ms,0.56ms,0.28ms,14.58ms,2(DR0,0.34,0.28(W0.36),1.00,15.41/21.51,19.27,0,1.21,0,0,16:47:44.229,True,False,80,0,Quest-2,BeatSaber,PopStars-Medium,False,False,1.0
5,4,1478,525,73,0ms,0,0,0,0/0/0/0,1,0,0,FF,0/70/0,N/F/N,1555MHz,2763,0,44.2C/0.0C,3.31ms,0.75ms,0.30ms,13.86ms,2(DR0,0.34,0.27(W0.36),1.00,15.51/21.57,19.20,0,1.21,0,0,16:47:45.229,True,False,80,0,Quest-2,BeatSaber,PopStars-Medium,False,False,1.0
5,4,1478,525,68,0ms,0,0,9,0/1/0/8,1,0,0,FF,0/70/0,N/F/N,1555MHz,2763,0,44.2C/0.0C,3.31ms,1.42ms,0.32ms,13.95ms,2(DR0,0.35,0.22(W0.27),1.00,15.50/21.44,19.21,0,1.21,0,0,16:47:46.229,True,False,80,0,Quest-2,BeatSaber,PopStars-Medium,False,False,1.0
5,4,1478,525,69,0ms,0,0,8,0/1/0/8,1,0,0,FF,0/70/0,N/F/N,1555MHz,2763,0,44.2C/0.0C,3.31ms,0.58ms,0.33ms,14.53ms,2(DR0,0.33,0.28(W0.32),1.00,15.47/21.66,19.24,0,1.21,0,0,16:47:47.229,True,False,80,0,Quest-2,BeatSaber,PopStars-Medium,False,False,1.0
5,4,1478,525,63,0ms,0,0,16,0/2/0/8,1,0,0,FF,0/70/0,N/F/N,1353MHz,2763,0,44.2C/0.0C,3.30ms,0.21ms,0.33ms,15.69ms,2(DR0,0.33,0.23(W0.29),1.00,15.38/21.43,19.14,0,1.21,0,0,16:47:48.229,True,False,80,0,Quest-2,BeatSaber,PopStars-Medium,False,False,1.0
5,4,1478,525,69,0ms,0,0,7,0/1/0/7,1,0,0,FF,0/70/0,N/F/N,1353MHz,2763,0,44.2C/0.0C,3.32ms,2.66ms,0.32ms,14.50ms,2(DR0,0.33,0.24(W0.30),1.00,15.32/21.72,19.45,0,1.21,0,0,16:47:49.230,True,False,80,0,Quest-2,BeatSaber,PopStars-Medium,False,False,1.0
5,4,1478,525,63,0ms,0,0,18,0/2/0/9,1,0,0,FF,0/70/0,N/F/N,1353MHz,2763,0,44.2C/0.0C,3.33ms,0.19ms,0.31ms,15.72ms,2(DR0,0.35,0.23(W0.30),1.00,15.52/21.49,19.24,0,1.21,0,0,16:47:50.230,True,False,80,0,Quest-2,BeatSaber,PopStars-Medium,False,False,1.0
5,4,1478,525,68,0ms,0,0,8,0/1/0/8,1,0,0,FF,0/70/0,N/F/N,1353MHz,2763,0,44.2C/0.0C,3.31ms,1.08ms,0.30ms,13.97ms,2(DR0,0.34,0.26(W0.35),1.00,15.57/21.60,19.20,0,1.21,0,0,16:47:51.230,True,False,80,0,Quest-2,BeatSaber,PopStars-Medium,False,False,1.0
5,4,1478,525,68,0ms,0,0,9,0/1/0/8,1,0,0,FF,0/70/0,N/F/N,1353MHz,2763,0,44.2C/0.0C,3.31ms,0.49ms,0.33ms,14.72ms,2(DR0,0.33,0.20(W0.27),1.00,15.67/21.41,19.41,0,1.21,0,0,16:47:52.230,True,False,80,0,Quest-2,BeatSaber,PopStars-Medium,False,False,1.0
5,4,1478,525,70,0ms,0,0,6,0/1/0/6,1,0,0,FF,0/70/0,N/F/N,1353MHz,2763,0,44.2C/0.0C,3.32ms,1.24ms,0.34ms,14.22ms,2(DR0,0.35,0.16(W0.25),1.00,15.95/21.50,19.37,0,1.21,0,0,16:47:53.230,True,False,80,0,Quest-2,BeatSaber,PopStars-Medium,False,False,1.0
5,4,1478,525,64,0ms,0,0,17,0/2/0/9,1,0,0,FF,0/70/0,N/F/N,1353MHz,2760,0,44.2C/0.0C,3.33ms,0.23ms,0.31ms,15.48ms,2(DR0,0.34,0.21(W0.26),1.00,15.70/21.36,19.29,0,1.21,0,0,16:47:54.236,True,False,80,0,Quest-2,BeatSaber,PopStars-Medium,False,False,1.0
5,4,1478,525,64,0ms,0,0,18,3/0/1/12,1,0,0,FF,0/70/0,N/F/N,1555MHz,2760,0,44.2C/0.0C,2.90ms,0.27ms,0.27ms,15.18ms,2(DR0,0.29,0.20(W0.22),1.00,15.55/21.53,19.25,0,1.21,0,0,16:47:55.230,True,False,80,0,Quest-2,BeatSaber,PopStars-Medium,False,False,1.0
5,4,1478,525,69,0ms,0,0,7,0/1/0/7,1,0,0,FF,0/70/0,N/F/N,1353MHz,2760,0,44.2C/0.0C,2.91ms,0.53ms,0.26ms,14.48ms,2(DR0,0.30,0.32(W0.39),1.00,15.33/21.58,19.30,0,1.21,0,0,16:47:56.230,True,False,80,0,Quest-2,BeatSaber,PopStars-Medium,False,False,1.0
5,4,1478,525,73,0ms,0,0,0,0/0/0/0,1,0,0,FF,0/70/0,N/F/N,1353MHz,2760,0,44.2C/0.0C,2.91ms,0.71ms,0.26ms,13.86ms,2(DR0,0.30,0.18(W0.25),1.00,15.25/21.34,19.08,0,1.21,0,0,16:47:57.230,True,False,80,0,Quest-2,BeatSaber,PopStars-Medium,False,False,1.0
5,4,1478,525,73,0ms,0,0,2,1/0/0/2,1,0,0,FF,0/70/0,N/F/N,1353MHz,2760,0,44.2C/0.0C,2.93ms,0.87ms,0.29ms,13.53ms,2(DR0,0.32,0.28(W0.38),1.00,15.43/21.46,18.97,0,1.21,0,0,16:47:58.230,True,False,80,0,Quest-2,BeatSaber,PopStars-Medium,False,False,1.0
5,4,1478,525,68,0ms,0,0,10,1/1/0/8,1,0,0,FF,0/70/0,N/F/N,1353MHz,2760,0,44.2C/0.0C,3.00ms,0.50ms,0.29ms,14.42ms,2(DR0,0.31,0.21(W0.21),1.00,15.14/21.43,18.97,0,1.21,0,0,16:47:59.230,True,False,80,0,Quest-2,BeatSaber,PopStars-Medium,False,False,1.0
5,4,1478,525,71,0ms,0,0,0,0/0/0/0,1,0,0,FF,0/70/0,N/F/N,1353MHz,2760,0,44.2C/0.0C,3.28ms,0.94ms,0.28ms,14.13ms,2(DR0,0.33,0.33(W0.50),1.00,15.25/21.34,18.94,0,1.21,0,0,16:48:00.230,True,False,80,0,Quest-2,BeatSaber,PopStars-Medium,False,False,1.0
5,4,1478,525,70,0ms,0,0,13,0/2/0/7,1,0,0,FF,0/70/0,N/F/N,1353MHz,2760,0,44.2C/0.0C,3.16ms,0.65ms,0.27ms,14.39ms,2(DR0,0.33,0.32(W0.40),1.00,15.17/21.98,19.33,0,1.21,0,0,16:48:01.230,True,False,80,0,Quest-2,BeatSaber,PopStars-Medium,False,False,1.0
5,4,1478,525,69,0ms,0,0,7,0/1/0/7,1,0,0,FF,0/70/0,N/F/N,1353MHz,2760,0,44.2C/0.0C,3.23ms,0.69ms,0.33ms,14.53ms,2(DR0,0.34,0.17(W0.20),1.00,15.50/22.01,19.25,0,1.21,0,0,16:48:02.230,True,False,80,0,Quest-2,BeatSaber,PopStars-Medium,False,False,1.0
5,4,1478,525,73,0ms,0,0,0,0/0/0/0,1,0,0,FF,0/70/0,N/F/N,1353MHz,2760,0,44.2C/0.0C,3.20ms,1.43ms,0.32ms,13.86ms,2(DR0,0.33,0.18(W0.20),1.00,15.29/21.57,19.13,0,1.21,0,0,16:48:03.230,True,False,80,0,Quest-2,BeatSaber,PopStars-Medium,False,False,1.0
5,4,1478,525,64,0ms,0,0,18,0/2/0/9,1,0,0,FF,0/70/0,N/F/N,1353MHz,2760,0,44.2C/0.0C,3.26ms,0.39ms,0.32ms,15.50ms,2(DR0,0.35,0.28(W0.32),1.00,15.60/21.57,19.24,0,1.21,0,0,16:48:04.231,True,False,80,0,Quest-2,BeatSaber,PopStars-Medium,False,False,1.0
5,4,1478,525,69,0ms,0,0,8,0/1/0/8,1,0,0,FF,0/70/0,N/F/N,1353MHz,2760,0,44.2C/0.0C,2.98ms,0.41ms,0.29ms,14.50ms,2(DR0,0.30,0.24(W0.30),1.00,15.53/21.51,19.16,0,1.21,0,0,16:48:05.231,True,False,80,0,Quest-2,BeatSaber,PopStars-Medium,False,False,1.0
5,4,1478,525,73,0ms,0,0,0,0/0/0/0,1,0,0,FF,0/70/0,N/F/N,1353MHz,2760,0,44.2C/0.0C,3.25ms,0.82ms,0.30ms,13.86ms,2(DR0,0.33,0.19(W0.25),1.00,15.43/21.35,19.13,0,1.21,0,0,16:48:06.231,True,False,80,0,Quest-2,BeatSaber,PopStars-Medium,False,False,1.0
5,4,1478,525,69,0ms,0,0,11,1/1/0/8,1,0,0,FF,0/70/0,N/F/N,1353MHz,2760,0,44.2C/0.0C,3.30ms,1.45ms,0.29ms,14.52ms,2(DR0,0.33,0.14(W0.19),1.00,15.44/21.49,19.14,0,1.21,0,0,16:48:07.231,True,False,80,0,Quest-2,BeatSaber,PopStars-Medium,False,False,1.0
5,4,1478,525,62,0ms,0,0,9,0/1/0/9,1,0,0,FF,0/70/0,N/F/N,1353MHz,2760,0,44.2C/0.0C,3.28ms,0.18ms,0.33ms,14.59ms,2(DR0,0.33,0.27(W0.32),1.00,15.71/21.40,19.23,0,1.21,0,0,16:48:08.231,True,False,80,0,Quest-2,BeatSaber,PopStars-Medium,False,False,1.0
5,4,1478,525,66,0ms,0,0,22,0/1/1/14,1,0,0,FF,0/70/0,N/F/N,1353MHz,2760,0,44.2C/0.0C,3.29ms,0.41ms,0.33ms,15.11ms,2(DR0,0.34,0.18(W0.26),1.00,15.89/21.81,19.75,0,1.21,0,0,16:48:09.231,True,False,80,0,Quest-2,BeatSaber,PopStars-Medium,False,False,1.0
5,4,1478,525,70,0ms,0,0,6,0/1/0/6,1,0,0,FF,0/70/0,N/F/N,1353MHz,2760,0,44.2C/0.0C,3.34ms,2.81ms,0.33ms,13.86ms,2(DR0,0.34,0.30(W0.39),1.00,15.70/21.38,19.39,0,1.21,0,0,16:48:10.231,True,False,80,0,Quest-2,BeatSaber,PopStars-Medium,False,False,1.0
5,4,1478,525,71,0ms,0,0,8,0/1/0/8,1,0,0,FF,0/70/0,N/F/N,1353MHz,2760,0,44.2C/0.0C,3.35ms,3.01ms,0.32ms,13.86ms,2(DR0,0.34,0.28(W0.35),1.00,15.60/21.64,19.18,0,1.21,0,0,16:48:11.231,True,False,80,0,Quest-2,BeatSaber,PopStars-Medium,False,False,1.0
5,4,1478,525,67,0ms,0,0,10,0/0/1/10,1,0,0,FF,0/70/0,N/F/N,1353MHz,2760,0,44.2C/0.0C,3.32ms,0.58ms,0.30ms,14.97ms,2(DR0,0.35,0.22(W0.27),1.00,15.58/21.46,19.49,0,1.21,0,0,16:48:12.231,True,False,80,0,Quest-2,BeatSaber,PopStars-Medium,False,False,1.0
5,4,1478,525,73,0ms,0,0,1,0/0/0/1,1,0,0,FF,0/70/0,N/F/N,1353MHz,2760,0,44.2C/0.0C,3.33ms,0.87ms,0.29ms,13.92ms,2(DR0,0.34,0.31(W0.35),1.00,15.92/21.74,19.60,0,1.21,0,0,16:48:13.231,True,False,80,0,Quest-2,BeatSaber,PopStars-Medium,False,False,1.0
5,4,1478,525,71,0ms,0,0,2,1/0/0/2,1,0,0,FF,0/70/0,N/F/N,1353MHz,2763,0,44.2C/0.0C,3.31ms,2.43ms,0.31ms,13.82ms,2(DR0,0.34,0.29(W0.33),1.00,15.94/21.55,19.66,0,1.21,0,0,16:48:14.238,True,False,80,0,Quest-2,BeatSaber,PopStars-Medium,False,False,1.0
5,4,1478,525,65,0ms,0,0,17,0/2/0/9,1,0,0,FF,0/70/0,N/F/N,1555MHz,2763,0,44.2C/0.0C,3.33ms,0.45ms,0.30ms,14.69ms,2(DR0,0.34,0.31(W0.33),1.00,15.77/21.61,19.48,0,1.21,0,0,16:48:15.231,True,False,80,0,Quest-2,BeatSaber,PopStars-Medium,False,False,1.0
5,4,1478,525,68,0ms,0,0,9,0/1/0/8,1,0,0,FF,0/70/0,N/F/N,1353MHz,2763,0,44.5C/0.0C,3.32ms,0.56ms,0.35ms,14.82ms,2(DR0,0.35,0.29(W0.30),1.00,15.77/21.45,19.36,0,1.21,0,0,16:48:16.231,True,False,80,0,Quest-2,BeatSaber,PopStars-Medium,False,False,1.0
5,4,1478,525,69,0ms,0,0,1,0/0/0/0,1,0,0,FF,0/70/0,N/F/N,1353MHz,2763,0,44.5C/0.0C,3.30ms,1.16ms,0.32ms,14.59ms,2(DR0,0.34,0.14(W0.16),1.00,15.57/21.55,19.26,0,1.21,0,0,16:48:17.231,True,False,80,0,Quest-2,BeatSaber,PopStars-Medium,False,False,1.0
5,4,1478,525,73,0ms,0,0,6,0/1/0/7,1,0,0,FF,0/70/0,N/F/N,1555MHz,2763,0,44.5C/0.0C,3.24ms,0.79ms,0.34ms,13.85ms,2(DR0,0.33,0.20(W0.29),1.00,15.50/21.38,19.16,0,1.21,0,0,16:48:18.231,True,False,80,0,Quest-2,BeatSaber,PopStars-Medium,False,False,1.0
5,4,1478,525,70,0ms,0,0,8,1/1/0/6,1,0,0,FF,0/70/0,N/F/N,1353MHz,2763,0,44.5C/0.0C,3.25ms,1.04ms,0.32ms,13.72ms,2(DR0,0.35,0.22(W0.30),1.00,15.61/21.44,19.15,0,1.21,0,0,16:48:19.232,True,False,80,0,Quest-2,BeatSaber,PopStars-Medium,False,False,1.0
5,4,1478,525,73,0ms,0,0,2,1/0/0/2,1,0,0,FF,0/70/0,N/F/N,1353MHz,2763,0,44.5C/0.0C,3.32ms,1.00ms,0.30ms,13.18ms,2(DR0,0.36,0.39(W0.45),1.00,15.25/21.70,19.27,0,1.21,0,0,16:48:20.232,True,False,80,0,Quest-2,BeatSaber,PopStars-Medium,False,False,1.0
5,4,1478,525,68,0ms,0,0,9,0/1/0/8,1,0,0,FF,0/70/0,N/F/N,1353MHz,2763,0,44.5C/0.0C,3.35ms,0.98ms,0.30ms,14.60ms,2(DR0,0.35,0.28(W0.37),1.00,15.49/21.64,19.20,0,1.21,0,0,16:48:21.232,True,False,80,0,Quest-2,BeatSaber,PopStars-Medium,False,False,1.0
5,4,1478,525,68,0ms,0,0,0,0/0/0/0,1,0,0,FF,0/70/0,N/F/N,1353MHz,2763,0,44.5C/0.0C,3.34ms,2.92ms,0.32ms,14.80ms,2(DR0,0.33,0.21(W0.29),1.00,15.44/21.62,19.25,0,1.21,0,0,16:48:22.232,True,False,80,0,Quest-2,BeatSaber,PopStars-Medium,False,False,1.0
5,4,1478,525,55,0ms,0,0,39,0/2/1/14,1,0,0,FF,0/70/0,N/F/N,1353MHz,2763,0,44.5C/0.0C,3.25ms,-0.38ms,0.31ms,18.10ms,2(DR0,0.33,0.19(W0.25),1.00,15.41/22.18,19.68,0,1.21,0,0,16:48:23.232,True,False,80,0,Quest-2,BeatSaber,PopStars-Medium,False,False,1.0
5,4,1478,525,73,0ms,0,0,0,0/1/0/8,1,0,0,FF,0/70/0,N/F/N,1353MHz,2763,0,44.5C/0.0C,3.36ms,1.06ms,0.37ms,13.86ms,2(DR0,0.35,0.23(W0.32),1.00,15.94/21.43,19.39,0,1.21,0,0,16:48:24.232,True,False,80,0,Quest-2,BeatSaber,PopStars-Medium,False,False,1.0
5,4,1478,525,73,0ms,0,0,1,0/0/0/1,1,0,0,FF,0/70/0,N/F/N,1353MHz,2763,0,44.5C/0.0C,3.34ms,0.91ms,0.33ms,13.88ms,2(DR0,0.35,0.33(W0.45),1.00,15.62/21.68,19.20,0,1.21,0,0,16:48:25.232,True,False,80,0,Quest-2,BeatSaber,PopStars-Medium,False,False,1.0
5,4,1478,525,67,0ms,0,0,10,0/0/1/10,1,0,0,FF,0/70/0,N/F/N,2092MHz,2763,0,44.5C/0.0C,3.29ms,0.87ms,0.31ms,14.99ms,2(DR0,0.34,0.38(W0.48),1.00,15.73/21.56,19.57,0,1.21,0,0,16:48:26.232,True,False,80,0,Quest-2,BeatSaber,PopStars-Medium,False,False,1.0
5,4,1478,525,73,0ms,0,0,0,0/0/0/0,1,0,0,FF,0/70/0,N/F/N,1353MHz,2763,0,44.5C/0.0C,3.30ms,0.93ms,0.31ms,13.87ms,2(DR0,0.35,0.24(W0.36),1.00,16.16/21.88,19.68,0,1.21,0,0,16:48:27.232,True,False,80,0,Quest-2,BeatSaber,PopStars-Medium,False,False,1.0
5,4,1478,525,73,0ms,0,0,3,1/0/0/2,1,0,0,FF,0/70/0,N/F/N,1353MHz,2763,0,44.5C/0.0C,3.34ms,1.04ms,0.27ms,13.03ms,2(DR0,0.36,0.22(W0.29),1.00,15.76/21.54,19.39,0,1.21,0,0,16:48:28.232,True,False,80,0,Quest-2,BeatSaber,PopStars-Medium,False,False,1.0
5,4,1478,525,73,0ms,0,0,2,1/0/0/2,1,0,0,FF,0/70/0,N/F/N,1353MHz,2763,0,44.5C/0.0C,3.35ms,1.03ms,0.29ms,13.17ms,2(DR0,0.36,0.26(W0.33),1.00,15.60/21.70,19.36,0,1.21,0,0,16:48:29.232,True,False,80,0,Quest-2,BeatSaber,PopStars-Medium,False,False,1.0
5,4,1478,525,73,0ms,0,0,0,0/0/0/0,1,0,0,FF,0/70/0,N/F/N,1353MHz,2763,0,44.5C/0.0C,3.33ms,0.89ms,0.28ms,13.13ms,2(DR0,0.35,0.41(W0.48),1.00,15.45/21.79,19.28,0,1.21,0,0,16:48:30.232,True,False,80,0,Quest-2,BeatSaber,PopStars-Medium,False,False,1.0
5,4,1478,525,65,0ms,0,0,15,1/0/1/13,1,0,0,FF,0/70/0,N/F/N,1353MHz,2763,0,44.5C/0.0C,3.30ms,0.90ms,0.32ms,14.86ms,2(DR0,0.35,0.27(W0.38),1.00,15.46/21.65,19.36,0,1.21,0,0,16:48:31.232,True,False,80,0,Quest-2,BeatSaber,PopStars-Medium,False,False,1.0
5,4,1478,525,73,0ms,0,0,0,0/0/0/0,1,0,0,FF,0/70/0,N/F/N,1353MHz,2763,0,44.5C/0.0C,3.31ms,0.56ms,0.28ms,13.86ms,2(DR0,0.35,0.17(W0.20),1.00,15.69/21.71,19.57,0,1.21,0,0,16:48:32.232,True,False,80,0,Quest-2,BeatSaber,PopStars-Medium,False,False,1.0
5,4,1478,525,69,0ms,0,0,0,0/0/0/0,1,0,0,FF,0/70/0,N/F/N,1353MHz,2763,0,44.5C/0.0C,3.34ms,2.63ms,0.30ms,14.57ms,2(DR0,0.35,0.14(W0.20),1.00,15.59/21.63,19.41,0,1.21,0,0,16:48:33.232,True,False,80,0,Quest-2,BeatSaber,PopStars-Medium,False,False,1.0
5,4,1478,525,59,0ms,0,0,31,0/2/1/13,1,0,0,FF,0/70/0,N/F/N,1353MHz,2789,0,44.5C/0.0C,3.28ms,0.66ms,0.33ms,16.62ms,2(DR0,0.34,0.27(W0.40),1.00,15.71/21.88,19.83,0,1.21,0,0,16:48:34.239,True,False,80,0,Quest-2,BeatSaber,PopStars-Medium,False,False,1.0
5,4,1478,525,59,0ms,0,0,8,0/1/0/8,1,0,0,FF,0/70/0,N/F/N,1353MHz,2789,0,44.5C/0.0C,3.33ms,0.07ms,0.32ms,16.62ms,2(DR0,0.35,0.40(W0.43),1.00,15.91/21.87,19.52,0,1.21,0,0,16:48:35.233,True,False,80,0,Quest-2,BeatSaber,PopStars-Medium,False,False,1.0
5,4,1478,525,68,0ms,0,0,9,0/1/0/8,1,0,0,FF,0/70/0,N/F/N,1555MHz,2789,0,44.5C/0.0C,3.26ms,0.62ms,0.34ms,14.82ms,2(DR0,0.34,0.27(W0.30),1.00,15.67/21.23,19.29,0,1.21,0,0,16:48:36.233,True,False,80,0,Quest-2,BeatSaber,PopStars-Medium,False,False,1.0
5,4,1478,525,68,0ms,0,0,13,0/0/1/12,1,0,0,FF,0/70/0,N/F/N,1555MHz,2789,0,44.5C/0.0C,3.27ms,2.74ms,0.31ms,14.72ms,2(DR0,0.34,0.22(W0.38),1.00,16.18/21.42,19.51,0,1.21,0,0,16:48:37.233,True,False,80,0,Quest-2,BeatSaber,PopStars-Medium,False,False,1.0
5,4,1478,525,62,0ms,0,0,21,0/2/0/8,1,0,0,FF,0/70/0,N/F/N,1555MHz,2789,0,44.5C/0.0C,3.33ms,1.87ms,0.30ms,15.76ms,2(DR0,0.34,0.20(W0.24),1.00,15.75/21.45,19.34,0,1.21,0,0,16:48:38.233,True,False,80,0,Quest-2,BeatSaber,PopStars-Medium,False,False,1.0
5,4,1478,525,67,0ms,0,0,0,0/1/0/7,1,0,0,FF,0/70/0,N/F/N,1353MHz,2789,0,44.5C/0.0C,3.32ms,0.57ms,0.36ms,14.82ms,2(DR0,0.35,0.29(W0.35),1.00,15.48/21.47,19.25,0,1.21,0,0,16:48:39.233,True,False,80,0,Quest-2,BeatSaber,PopStars-Medium,False,False,1.0
5,4,1478,525,73,0ms,0,0,7,0/0/0/0,1,0,0,FF,0/70/0,N/F/N,1353MHz,2789,0,44.5C/0.0C,3.31ms,2.91ms,0.32ms,13.87ms,2(DR0,0.34,0.36(W0.42),1.00,15.43/21.56,19.24,0,1.21,0,0,16:48:40.233,True,False,80,0,Quest-2,BeatSaber,PopStars-Medium,False,False,1.0
5,4,1478,525,68,0ms,0,0,11,0/2/0/8,1,0,0,FF,0/70/0,N/F/N,1353MHz,2789,0,44.5C/0.0C,3.31ms,0.89ms,0.34ms,14.69ms,2(DR0,0.33,0.27(W0.29),1.00,15.85/22.07,19.49,0,1.21,0,0,16:48:41.233,True,False,80,0,Quest-2,BeatSaber,PopStars-Medium,False,False,1.0
5,4,1478,525,62,0ms,0,0,10,0/0/1/10,1,0,0,FF,0/70/0,N/F/N,1353MHz,2789,0,44.5C/0.0C,3.28ms,0.29ms,0.32ms,15.84ms,2(DR0,0.34,0.17(W0.27),1.00,16.13/22.32,19.70,0,1.21,0,0,16:48:42.233,True,False,80,0,Quest-2,BeatSaber,PopStars-Medium,False,False,1.0
5,4,1478,525,73,0ms,0,0,10,1/1/0/8,1,0,0,FF,0/70/0,N/F/N,1353MHz,2789,0,44.5C/0.0C,3.29ms,0.86ms,0.33ms,13.91ms,2(DR0,0.35,0.25(W0.33),1.00,15.84/21.87,19.39,0,1.21,0,0,16:48:43.233,True,False,80,0,Quest-2,BeatSaber,PopStars-Medium,False,False,1.0
5,4,1478,525,69,0ms,0,0,4,0/0/0/1,1,0,0,FF,0/70/0,N/F/N,1353MHz,2789,0,44.5C/0.0C,3.32ms,2.33ms,0.29ms,14.57ms,2(DR0,0.35,0.13(W0.16),1.00,15.56/21.43,19.43,0,1.21,0,0,16:48:44.233,True,False,80,0,Quest-2,BeatSaber,PopStars-Medium,False,False,1.0
5,4,1478,525,68,0ms,0,0,9,1/1/0/8,1,0,0,FF,0/70/0,N/F/N,1353MHz,2789,0,44.5C/0.0C,3.31ms,0.55ms,0.33ms,14.80ms,2(DR0,0.36,0.29(W0.36),1.00,16.00/21.89,19.40,0,1.21,0,0,16:48:45.233,True,False,80,0,Quest-2,BeatSaber,PopStars-Medium,False,False,1.0
5,4,1478,525,73,0ms,0,0,14,0/0/1/13,1,0,0,FF,0/70/0,N/F/N,1353MHz,2789,0,44.2C/0.0C,3.30ms,0.86ms,0.33ms,13.94ms,2(DR0,0.34,0.35(W0.36),1.00,15.86/21.93,19.52,0,1.21,0,0,16:48:46.233,True,False,80,0,Quest-2,BeatSaber,PopStars-Medium,False,False,1.0
5,4,1478,525,67,0ms,0,0,8,0/1/0/8,1,0,0,FF,0/70/0,N/F/N,1353MHz,2789,0,44.2C/0.0C,3.33ms,0.60ms,0.36ms,14.13ms,2(DR0,0.34,0.19(W0.21),1.00,15.65/21.54,19.21,0,1.21,0,0,16:48:47.233,True,False,80,0,Quest-2,BeatSaber,PopStars-Medium,False,False,1.0
5,4,1478,525,68,0ms,0,0,16,0/2/0/8,1,0,0,FF,0/70/0,N/F/N,1353MHz,2789,0,44.2C/0.0C,3.34ms,0.62ms,0.29ms,14.81ms,2(DR0,0.35,0.24(W0.39),1.00,15.40/21.47,19.20,0,1.21,0,0,16:48:48.234,True,False,80,0,Quest-2,BeatSaber,PopStars-Medium,False,False,1.0
5,4,1478,525,63,0ms,0,0,0,0/0/0/0,1,0,0,FF,0/70/0,N/F/N,1353MHz,2789,0,44.2C/0.0C,3.36ms,0.31ms,0.31ms,15.76ms,2(DR0,0.35,0.32(W0.45),1.00,15.47/21.51,19.28,0,1.21,0,0,16:48:49.234,True,False,80,0,Quest-2,BeatSaber,PopStars-Medium,False,False,1.0
5,4,1478,525,69,0ms,0,0,7,0/1/0/7,1,0,0,FF,0/70/0,N/F/N,1353MHz,2789,0,44.2C/0.0C,3.32ms,0.67ms,0.32ms,14.53ms,2(DR0,0.35,0.31(W0.39),1.00,15.37/21.67,19.26,0,1.21,0,0,16:48:50.234,True,False,80,0,Quest-2,BeatSaber,PopStars-Medium,False,False,1.0
5,4,1478,525,73,0ms,0,0,29,0/1/1/22,1,0,0,FF,0/70/0,N/F/N,1353MHz,2789,0,44.2C/0.0C,3.32ms,1.37ms,0.30ms,13.86ms,2(DR0,0.33,0.32(W0.39),1.00,15.62/21.60,19.41,0,1.21,0,0,16:48:51.234,True,False,80,0,Quest-2,BeatSaber,PopStars-Medium,False,False,1.0
5,4,1478,525,55,0ms,0,0,0,0/0/0/0,1,0,0,FF,0/70/0,N/F/N,1353MHz,2789,0,44.2C/0.0C,3.32ms,-0.30ms,0.33ms,17.16ms,2(DR0,0.34,0.21(W0.26),1.00,15.84/21.70,19.42,0,1.21,0,0,16:48:52.234,True,False,80,0,Quest-2,BeatSaber,PopStars-Medium,False,False,1.0
5,4,1478,525,66,0ms,0,0,22,0/1/1/14,1,0,0,FF,0/70/0,N/F/N,1353MHz,2789,0,44.2C/0.0C,3.33ms,0.51ms,0.32ms,14.86ms,2(DR0,0.34,0.31(W0.42),1.00,15.91/21.66,19.46,0,1.21,0,0,16:48:53.234,True,False,80,0,Quest-2,BeatSaber,PopStars-Medium,False,False,1.0
5,4,1478,525,70,0ms,0,0,0,0/0/0/0,1,0,0,FF,0/70/0,N/F/N,1353MHz,2783,0,44.2C/0.0C,3.33ms,0.80ms,0.34ms,13.87ms,2(DR0,0.36,0.28(W0.39),1.00,15.86/21.47,19.45,0,1.21,0,0,16:48:54.241,True,False,80,0,Quest-2,BeatSaber,PopStars-Medium,False,False,1.0
5,4,1478,525,68,0ms,0,0,14,0/2/0/8,1,0,0,FF,0/70/0,N/F/N,2092MHz,2783,0,44.2C/0.0C,3.34ms,0.71ms,0.34ms,14.79ms,2(DR0,0.35,0.35(W0.42),1.00,15.47/21.70,19.33,0,1.21,0,0,16:48:55.234,True,False,80,0,Quest-2,BeatSaber,PopStars-Medium,False,False,1.0
5,4,1478,525,70,0ms,0,0,0,0/0/0/0,1,0,0,FF,0/70/0,N/F/N,1353MHz,2783,0,44.5C/0.0C,3.35ms,0.73ms,0.30ms,14.20ms,2(DR0,0.35,0.23(W0.40),1.00,15.54/21.63,19.23,0,1.21,0,0,16:48:56.234,True,False,80,0,Quest-2,BeatSaber,PopStars-Medium,False,False,1.0
5,4,1478,525,73,0ms,0,0,0,0/0/0/0,1,0,0,FF,0/70/0,N/F/N,1353MHz,2783,0,44.5C/0.0C,3.33ms,3.20ms,0.28ms,13.87ms,2(DR0,0.34,0.22(W0.33),1.00,15.54/21.63,19.23,0,1.21,0,0,16:48:57.234,True,False,80,0,Quest-2,BeatSaber,PopStars-Medium,False,False,1.0
5,4,1478,525,67,0ms,0,0,13,1/1/0/9,1,0,0,FF,0/70/0,N/F/N,1804MHz,2783,0,44.5C/0.0C,3.33ms,1.28ms,0.31ms,15.03ms,2(DR0,0.34,0.29(W0.36),1.00,15.72/21.48,19.39,0,1.21,0,0,16:48:58.234,True,False,80,0,Quest-2,BeatSaber,PopStars-Medium,False,False,1.0
5,4,1478,525,57,0ms,0,0,10,0/0/1/10,1,0,0,FF,0/70/0,N/F/N,1353MHz,2783,0,44.5C/0.0C,3.31ms,-0.13ms,0.33ms,16.91ms,2(DR0,0.34,0.36(W0.48),1.00,15.74/21.56,19.47,0,1.21,0,0,16:48:59.234,True,False,80,0,Quest-2,BeatSaber,PopStars-Medium,False,False,1.0
5,4,1478,525,73,0ms,0,0,17,0/2/0/9,1,0,0,FF,0/70/0,N/F/N,1353MHz,2783,0,44.5C/0.0C,3.31ms,0.86ms,0.32ms,13.86ms,2(DR0,0.35,0.28(W0.33),1.00,16.12/21.66,19.59,0,1.21,0,0,16:49:00.235,True,False,80,0,Quest-2,BeatSaber,PopStars-Medium,False,False,1.0
5,4,1478,525,60,0ms,0,0,7,0/0/0/0,1,0,0,FF,0/70/0,N/F/N,1353MHz,2783,0,44.5C/0.0C,3.31ms,0.16ms,0.35ms,15.48ms,2(DR0,0.35,0.21(W0.40),1.00,15.80/21.50,19.23,0,1.21,0,0,16:49:01.235,True,False,80,0,Quest-2,BeatSaber,PopStars-Medium,False,False,1.0
5,4,1478,525,71,0ms,0,0,17,0/3/0/8,1,0,0,FF,0/70/0,N/F/N,1555MHz,2783,0,44.5C/0.0C,3.32ms,0.76ms,0.34ms,13.86ms,2(DR0,0.34,0.19(W0.26),1.00,16.23/21.77,19.67,0,1.21,0,0,16:49:02.235,True,False,80,0,Quest-2,BeatSaber,PopStars-Medium,False,False,1.0
5,4,1478,525,73,0ms,0,0,0,0/0/0/0,1,0,0,FF,0/70/0,N/F/N,1555MHz,2783,0,44.5C/0.0C,3.37ms,0.97ms,0.30ms,13.86ms,2(DR0,0.37,0.17(W0.24),1.00,16.09/22.26,19.41,0,1.21,0,0,16:49:03.235,True,False,80,0,Quest-2,BeatSaber,PopStars-Medium,False,False,1.0
5,4,1478,525,63,0ms,0,0,8,0/1/0/8,1,0,0,FF,0/70/0,N/F/N,1353MHz,2783,0,44.5C/0.0C,3.33ms,0.34ms,0.32ms,15.67ms,2(DR0,0.34,0.25(W0.30),1.00,15.68/21.44,19.18,0,1.21,0,0,16:49:04.235,True,False,80,0,Quest-2,BeatSaber,PopStars-Medium,False,False,1.0
5,4,1478,525,67,0ms,0,0,20,0/1/1/10,1,0,0,FF,0/70/0,N/F/N,1353MHz,2783,0,44.5C/0.0C,3.32ms,2.68ms,0.32ms,14.53ms,2(DR0,0.35,0.27(W0.33),1.00,15.94/21.48,19.48,0,1.21,0,0,16:49:05.235,True,False,80,0,Quest-2,BeatSaber,PopStars-Medium,False,False,1.0
5,4,1478,525,65,0ms,0,0,8,0/1/0/8,1,0,0,FF,0/70/0,N/F/N,1353MHz,2783,0,44.7C/0.0C,3.35ms,0.44ms,0.32ms,15.51ms,2(DR0,0.34,0.31(W0.38),1.00,15.87/21.37,19.33,0,1.21,0,0,16:49:06.235,True,False,80,0,Quest-2,BeatSaber,PopStars-Medium,False,False,1.0
5,4,1478,525,73,0ms,0,0,7,0/1/0/7,1,0,0,FF,0/70/0,N/F/N,1353MHz,2783,0,44.7C/0.0C,3.33ms,0.82ms,0.30ms,13.86ms,2(DR0,0.35,0.11(W0.17),1.00,15.63/21.85,19.30,0,1.21,0,0,16:49:07.235,True,False,80,0,Quest-2,BeatSaber,PopStars-Medium,False,False,1.0
5,4,1478,525,69,0ms,0,0,0,0/0/0/0,1,0,0,FF,0/70/0,N/F/N,1353MHz,2783,0,44.7C/0.0C,3.31ms,0.70ms,0.31ms,13.87ms,2(DR0,0.35,0.25(W0.32),1.00,15.56/21.16,19.09,0,1.21,0,0,16:49:08.235,True,False,80,0,Quest-2,BeatSaber,PopStars-Medium,False,False,1.0
5,4,1478,525,66,0ms,0,0,16,0/2/0/8,1,0,0,FF,0/70/0,N/F/N,1353MHz,2783,0,44.7C/0.0C,3.36ms,2.65ms,0.31ms,15.21ms,2(DR0,0.34,0.19(W0.30),1.00,15.54/21.53,19.46,0,1.21,0,0,16:49:09.235,True,False,80,0,Quest-2,BeatSaber,PopStars-Medium,False,False,1.0
5,4,1478,525,64,0ms,0,0,13,0/1/0/8,1,0,0,FF,0/70/0,N/F/N,1353MHz,2783,0,44.7C/0.0C,3.36ms,2.45ms,0.30ms,15.45ms,2(DR0,0.34,0.19(W0.24),1.00,15.92/21.32,19.39,0,1.21,0,0,16:49:10.235,True,False,80,0,Quest-2,BeatSaber,PopStars-Medium,False,False,1.0
5,4,1478,525,60,0ms,0,0,18,0/3/0/8,1,0,0,FF,0/70/0,N/F/N,1353MHz,2783,0,44.7C/0.0C,3.32ms,2.22ms,0.30ms,16.18ms,2(DR0,0.34,0.23(W0.41),1.00,15.85/21.42,19.30,0,1.21,0,0,16:49:11.235,True,False,80,0,Quest-2,BeatSaber,PopStars-Medium,False,False,1.0
5,4,1478,525,68,0ms,0,0,14,0/2/0/8,1,0,0,FF,0/70/0,N/F/N,1353MHz,2783,0,44.7C/0.0C,3.30ms,1.31ms,0.31ms,14.81ms,2(DR0,0.35,0.22(W0.25),1.00,16.04/21.62,19.76,0,1.21,0,0,16:49:12.236,True,False,80,0,Quest-2,BeatSaber,PopStars-Medium,False,False,1.0
5,4,1478,525,60,0ms,0,0,13,1/0/1/10,1,0,0,FF,0/70/0,N/F/N,1353MHz,2783,0,44.7C/0.0C,3.33ms,0.64ms,0.34ms,16.26ms,2(DR0,0.35,0.25(W0.26),1.00,15.96/21.89,19.71,0,1.21,0,0,16:49:13.236,True,False,80,0,Quest-2,BeatSaber,PopStars-Medium,False,False,1.0
5,4,1478,525,68,0ms,0,0,20,0/1/1/11,1,0,0,FF,0/70/0,N/F/N,1353MHz,2786,0,44.7C/0.0C,3.31ms,0.69ms,0.34ms,14.83ms,2(DR0,0.34,0.18(W0.20),1.00,16.36/22.42,19.86,0,1.21,0,0,16:49:14.242,True,False,80,0,Quest-2,BeatSaber,PopStars-Medium,False,False,1.0
5,4,1478,525,69,0ms,0,0,0,0/0/0/0,1,0,0,FF,0/70/0,N/F/N,1353MHz,2786,0,44.7C/0.0C,3.29ms,0.64ms,0.34ms,14.51ms,2(DR0,0.34,0.26(W0.40),1.00,15.80/21.50,19.36,0,1.21,0,0,16:49:15.236,True,False,80,0,Quest-2,BeatSaber,PopStars-Medium,False,False,1.0
5,4,1478,525,63,0ms,0,0,17,0/2/0/9,1,0,0,FF,0/70/0,N/F/N,1353MHz,2786,0,44.7C/0.0C,3.32ms,0.40ms,0.33ms,15.51ms,2(DR0,0.34,0.26(W0.32),1.00,15.42/21.60,19.41,0,1.21,0,0,16:49:16.236,True,False,80,0,Quest-2,BeatSaber,PopStars-Medium,False,False,1.0
5,4,1478,525,68,0ms,0,0,19,1/2/0/8,1,0,0,FF,0/70/0,N/F/N,1353MHz,2786,0,44.7C/0.0C,3.38ms,1.77ms,0.31ms,14.63ms,2(DR0,0.34,0.34(W0.37),1.00,16.01/21.70,19.52,0,1.21,0,0,16:49:17.236,True,False,80,0,Quest-2,BeatSaber,PopStars-Medium,False,False,1.0
5,4,1478,525,67,0ms,0,0,10,0/0/1/10,1,0,0,FF,0/70/0,N/F/N,1555MHz,2786,0,44.7C/0.0C,3.31ms,0.56ms,0.33ms,14.96ms,2(DR0,0.34,0.20(W0.27),1.00,15.71/21.51,19.40,0,1.21,0,0,16:49:18.236,True,False,80,0,Quest-2,BeatSaber,PopStars-Medium,False,False,1.0
5,4,1478,525,64,0ms,0,0,0,0/0/0/0,1,0,0,FF,0/70/0,N/F/N,1555MHz,2786,0,44.7C/0.0C,3.30ms,1.72ms,0.32ms,15.07ms,2(DR0,0.33,0.30(W0.41),1.00,15.97/21.67,19.50,0,1.21,0,0,16:49:19.236,True,False,80,0,Quest-2,BeatSaber,PopStars-Medium,False,False,1.0
5,4,1478,525,68,0ms,0,0,27,0/0/2/13,1,0,0,FF,0/70/0,N/F/N,1555MHz,2786,0,44.7C/0.0C,3.33ms,0.63ms,0.34ms,14.35ms,2(DR0,0.34,0.34(W0.38),1.00,15.81/21.55,19.43,0,1.21,0,0,16:49:20.236,True,False,80,0,Quest-2,BeatSaber,PopStars-Medium,False,False,1.0
5,4,1478,525,73,0ms,0,0,0,0/0/0/0,1,0,0,FF,0/70/0,N/F/N,1555MHz,2786,0,44.7C/0.0C,3.35ms,0.91ms,0.34ms,13.86ms,2(DR0,0.35,0.27(W0.39),1.00,15.63/21.50,19.25,0,1.21,0,0,16:49:21.236,True,False,80,0,Quest-2,BeatSaber,PopStars-Medium,False,False,1.0
5,4,1478,525,72,0ms,0,0,0,0/0/0/0,1,0,0,FF,0/70/0,N/F/N,1555MHz,2786,0,44.7C/0.0C,3.37ms,0.87ms,0.35ms,14.12ms,2(DR0,0.36,0.19(W0.27),1.00,15.48/21.15,19.08,0,1.21,0,0,16:49:22.236,True,False,80,0,Quest-2,BeatSaber,PopStars-Medium,False,False,1.0
5,4,1478,525,70,0ms,0,0,2,0/0/0/1,1,0,0,FF,0/70/0,N/F/N,1555MHz,2786,0,44.7C/0.0C,3.32ms,1.03ms,0.35ms,14.55ms,2(DR0,0.34,0.18(W0.24),1.00,15.59/21.42,19.09,0,1.21,0,0,16:49:23.236,True,False,80,0,Quest-2,BeatSaber,PopStars-Medium,False,False,1.0
5,4,1478,525,69,0ms,0,0,8,0/1/0/8,1,0,0,FF,0/70/0,N/F/N,1555MHz,2786,0,44.7C/0.0C,3.31ms,0.90ms,0.33ms,14.78ms,2(DR0,0.35,0.17(W0.23),1.00,15.39/22.06,19.15,0,1.21,0,0,16:49:24.236,True,False,80,0,Quest-2,BeatSaber,PopStars-Medium,False,False,1.0
5,4,1478,525,61,0ms,0,0,17,0/2/0/8,1,0,0,FF,0/70/0,N/F/N,1555MHz,2786,0,44.7C/0.0C,3.31ms,0.19ms,0.31ms,16.25ms,2(DR0,0.35,0.33(W0.35),1.00,15.38/21.64,19.29,0,1.21,0,0,16:49:25.236,True,False,80,0,Quest-2,BeatSaber,PopStars-Medium,False,False,1.0
5,4,1478,525,70,0ms,0,0,11,0/0/1/11,1,0,0,FF,0/70/0,N/F/N,1555MHz,2786,0,44.5C/0.0C,3.33ms,1.46ms,0.29ms,13.86ms,2(DR0,0.36,0.32(W0.35),1.00,15.62/21.75,19.40,0,1.21,0,0,16:49:26.236,True,False,80,0,Quest-2,BeatSaber,PopStars-Medium,False,False,1.0
5,4,1478,525,69,0ms,0,0,14,0/2/0/8,1,0,0,FF,0/70/0,N/F/N,1353MHz,2786,0,44.5C/0.0C,3.32ms,0.78ms,0.30ms,14.00ms,2(DR0,0.36,0.26(W0.29),1.00,15.63/21.70,19.33,0,1.21,0,0,16:49:27.236,True,False,80,0,Quest-2,BeatSaber,PopStars-Medium,False,False,1.0
5,4,1478,525,73,0ms,0,0,3,1/0/0/2,1,0,0,FF,0/70/0,N/F/N,1353MHz,2786,0,44.5C/0.0C,3.29ms,0.94ms,0.28ms,13.15ms,2(DR0,0.36,0.22(W0.29),1.00,15.51/21.88,19.36,0,1.21,0,0,16:49:28.237,True,False,80,0,Quest-2,BeatSaber,PopStars-Medium,False,False,1.0
5,4,1478,525,63,0ms,0,0,4,2/0/0/2,1,0,0,FF,0/70/0,N/F/N,1353MHz,2786,0,44.5C/0.0C,3.33ms,0.31ms,0.32ms,15.14ms,2(DR0,0.35,0.21(W0.28),1.00,15.37/21.64,19.28,0,1.21,0,0,16:49:29.237,True,False,80,0,Quest-2,BeatSaber,PopStars-Medium,False,False,1.0
5,4,1478,525,73,0ms,0,0,15,0/0/1/15,1,0,0,FF,0/70/0,N/F/N,1353MHz,2786,0,44.5C/0.0C,3.30ms,0.84ms,0.33ms,13.87ms,2(DR0,0.34,0.29(W0.32),1.00,15.41/21.89,19.38,0,1.21,0,0,16:49:30.237,True,False,80,0,Quest-2,BeatSaber,PopStars-Medium,False,False,1.0
5,4,1478,525,68,0ms,0,0,2,1/0/0/2,1,0,0,FF,0/70/0,N/F/N,1353MHz,2786,0,44.5C/0.0C,3.38ms,0.55ms,0.33ms,14.32ms,2(DR0,0.35,0.29(W0.48),1.00,15.69/21.77,19.23,0,1.21,0,0,16:49:31.237,True,False,80,0,Quest-2,BeatSaber,PopStars-Medium,False,False,1.0
5,4,1478,525,66,0ms,0,0,14,0/2/0/8,1,0,0,FF,0/70/0,N/F/N,1353MHz,2786,0,44.5C/0.0C,3.31ms,0.62ms,0.35ms,14.85ms,2(DR0,0.34,0.25(W0.32),1.00,15.55/21.74,19.31,0,1.21,0,0,16:49:32.237,True,False,80,0,Quest-2,BeatSaber,PopStars-Medium,False,False,1.0
5,4,1478,525,59,0ms,0,0,16,0/2/0/8,1,0,0,FF,0/70/0,N/F/N,1353MHz,2786,0,44.5C/0.0C,3.33ms,2.06ms,0.31ms,15.73ms,2(DR0,0.32,0.23(W0.30),1.00,15.69/21.45,19.31,0,1.21,0,0,16:49:33.237,True,False,80,0,Quest-2,BeatSaber,PopStars-Medium,False,False,1.0
5,4,1478,525,66,0ms,0,0,24,0/3/0/8,1,0,0,FF,0/70/0,N/F/N,1353MHz,2784,0,44.5C/0.0C,3.35ms,1.65ms,0.30ms,14.91ms,2(DR0,0.35,0.23(W0.29),1.00,15.64/22.03,19.28,0,1.21,0,0,16:49:34.245,True,False,80,0,Quest-2,BeatSaber,PopStars-Medium,False,False,1.0
5,4,1478,525,70,0ms,0,0,9,1/1/0/6,1,0,0,FF,0/70/0,N/F/N,1353MHz,2784,0,44.5C/0.0C,3.29ms,0.50ms,0.34ms,13.90ms,2(DR0,0.34,0.33(W0.46),1.00,15.67/21.81,19.50,0,1.21,0,0,16:49:35.237,True,False,80,0,Quest-2,BeatSaber,PopStars-Medium,False,False,1.0
5,4,1478,525,58,0ms,0,0,14,0/0/1/14,1,0,0,FF,0/70/0,N/F/N,1555MHz,2784,0,44.7C/0.0C,3.33ms,0.46ms,0.32ms,16.59ms,2(DR0,0.34,0.28(W0.38),1.00,15.89/21.72,19.49,0,1.21,0,0,16:49:36.237,True,False,80,0,Quest-2,BeatSaber,PopStars-Medium,False,False,1.0
5,4,1478,525,73,0ms,0,0,8,0/1/0/8,1,0,0,FF,0/70/0,N/F/N,1353MHz,2784,0,44.7C/0.0C,3.32ms,0.99ms,0.34ms,13.87ms,2(DR0,0.35,0.28(W0.32),1.00,16.28/21.82,19.74,0,1.21,0,0,16:49:37.237,True,False,80,0,Quest-2,BeatSaber,PopStars-Medium,False,False,1.0
5,4,1478,525,66,0ms,0,0,7,0/1/0/7,1,0,0,FF,0/70/0,N/F/N,1353MHz,2784,0,44.7C/0.0C,3.34ms,2.03ms,0.32ms,14.92ms,2(DR0,0.35,0.17(W0.21),1.00,15.87/21.44,19.38,0,1.21,0,0,16:49:38.237,True,False,80,0,Quest-2,BeatSaber,PopStars-Medium,False,False,1.0
5,4,1478,525,68,0ms,0,0,6,0/1/0/6,1,0,0,FF,0/70/0,N/F/N,1353MHz,2784,0,44.7C/0.0C,3.31ms,2.58ms,0.32ms,14.77ms,2(DR0,0.34,0.22(W0.30),1.00,15.75/21.38,19.40,0,1.21,0,0,16:49:39.237,True,False,80,0,Quest-2,BeatSaber,PopStars-Medium,False,False,1.0
5,4,1478,525,73,0ms,0,0,8,0/1/0/8,1,0,0,FF,0/70/0,N/F/N,1353MHz,2784,0,44.7C/0.0C,3.34ms,0.71ms,0.34ms,13.86ms,2(DR0,0.35,0.31(W0.36),1.00,15.79/21.40,19.30,0,1.21,0,0,16:49:40.237,True,False,80,0,Quest-2,BeatSaber,PopStars-Medium,False,False,1.0
5,4,1478,525,73,0ms,0,0,0,0/0/0/0,1,0,0,FF,0/70/0,N/F/N,1353MHz,2784,0,44.7C/0.0C,3.36ms,0.94ms,0.30ms,13.86ms,2(DR0,0.35,0.34(W0.43),1.00,15.62/21.75,19.21,0,1.21,0,0,16:49:41.237,True,False,80,0,Quest-2,BeatSaber,PopStars-Medium,False,False,1.0
5,4,1478,525,70,0ms,0,0,0,0/0/0/0,1,0,0,FF,0/70/0,N/F/N,1353MHz,2784,0,44.7C/0.0C,3.35ms,2.10ms,0.31ms,13.86ms,2(DR0,0.33,0.27(W0.33),1.00,15.47/21.12,19.05,0,1.21,0,0,16:49:42.237,True,False,80,0,Quest-2,BeatSaber,PopStars-Medium,False,False,1.0
5,4,1478,525,69,0ms,0,0,17,0/1/1/10,1,0,0,FF,0/70/0,N/F/N,1353MHz,2784,0,44.7C/0.0C,3.34ms,0.85ms,0.31ms,13.78ms,2(DR0,0.36,0.27(W0.43),1.00,15.21/21.66,19.34,0,1.21,0,0,16:49:43.238,True,False,80,0,Quest-2,BeatSaber,PopStars-Medium,False,False,1.0
5,4,1478,525,69,0ms,0,0,2,0/0/0/1,1,0,0,FF,0/70/0,N/F/N,1353MHz,2784,0,44.7C/0.0C,3.33ms,0.78ms,0.29ms,13.78ms,2(DR0,0.35,0.24(W0.36),1.00,15.87/21.86,19.54,0,1.21,0,0,16:49:44.238,True,False,80,0,Quest-2,BeatSaber,PopStars-Medium,False,False,1.0
5,4,1478,525,73,0ms,0,0,0,0/0/0/0,1,0,0,FF,0/70/0,N/F/N,1353MHz,2784,0,44.7C/0.0C,3.35ms,1.00ms,0.26ms,13.86ms,2(DR0,0.36,0.24(W0.29),1.00,15.71/21.72,19.37,0,1.21,0,0,16:49:45.238,True,False,80,0,Quest-2,BeatSaber,PopStars-Medium,False,False,1.0
5,4,1478,525,73,0ms,0,0,11,0/0/1/10,1,0,0,FF,0/70/0,N/F/N,1353MHz,2784,0,44.7C/0.0C,3.34ms,2.12ms,0.30ms,13.86ms,2(DR0,0.35,0.30(W0.33),1.00,15.63/22.10,19.38,0,1.21,0,0,16:49:46.238,True,False,80,0,Quest-2,BeatSaber,PopStars-Medium,False,False,1.0
5,4,1478,525,69,0ms,0,0,8,0/1/0/7,1,0,0,FF,0/70/0,N/F/N,1353MHz,2784,0,44.7C/0.0C,3.28ms,0.60ms,0.29ms,14.59ms,2(DR0,0.34,0.32(W0.36),1.00,15.61/21.70,19.33,0,1.21,0,0,16:49:47.238,True,False,80,0,Quest-2,BeatSaber,PopStars-Medium,False,False,1.0
5,4,1478,525,72,0ms,0,0,7,0/1/0/6,1,0,0,FF,0/70/0,N/F/N,1353MHz,2784,0,44.7C/0.0C,3.34ms,0.89ms,0.29ms,14.10ms,2(DR0,0.35,0.20(W0.21),1.00,15.57/21.36,19.31,0,1.21,0,0,16:49:48.238,True,False,80,0,Quest-2,BeatSaber,PopStars-Medium,False,False,1.0
5,4,1478,525,69,0ms,0,0,23,1/1/1/11,1,0,0,FF,0/70/0,N/F/N,1353MHz,2784,0,44.7C/0.0C,3.31ms,2.81ms,0.29ms,14.40ms,2(DR0,0.34,0.23(W0.25),1.00,15.85/21.70,19.39,0,1.21,0,0,16:49:49.238,True,False,80,0,Quest-2,BeatSaber,PopStars-Medium,False,False,1.0
5,4,1478,525,49,0ms,0,0,26,0/1/1/20,1,0,0,FF,0/70/0,N/F/N,1353MHz,2784,0,44.7C/0.0C,3.50ms,-0.55ms,0.30ms,18.35ms,2(DR0,0.36,0.21(W0.30),1.00,15.92/22.14,19.55,0,1.21,0,0,16:49:50.238,True,False,80,0,Quest-2,BeatSaber,PopStars-Medium,False,False,1.0
5,4,1478,525,70,0ms,0,0,16,0/2/0/8,1,0,0,FF,0/70/0,N/F/N,1353MHz,2784,0,44.7C/0.0C,3.50ms,0.81ms,0.28ms,14.42ms,2(DR0,0.36,0.31(W0.41),1.00,15.77/21.75,19.50,0,1.21,0,0,16:49:51.238,True,False,80,0,Quest-2,BeatSaber,PopStars-Medium,False,False,1.0
5,4,1478,525,69,0ms,0,0,0,0/0/0/0,1,0,0,FF,0/70/0,N/F/N,1353MHz,2784,0,44.7C/0.0C,3.44ms,1.93ms,0.30ms,14.53ms,2(DR0,0.35,0.34(W0.41),1.00,15.73/21.44,19.37,0,1.21,0,0,16:49:52.238,True,False,80,0,Quest-2,BeatSaber,PopStars-Medium,False,False,1.0
5,4,1478,525,69,0ms,0,0,7,0/1/0/7,1,0,0,FF,0/70/0,N/F/N,1353MHz,2784,0,44.7C/0.0C,3.44ms,2.23ms,0.28ms,14.57ms,2(DR0,0.37,0.21(W0.32),1.00,15.73/21.23,19.25,0,1.21,0,0,16:49:53.238,True,False,80,0,Quest-2,BeatSaber,PopStars-Medium,False,False,1.0
5,4,1478,525,60,0ms,0,0,31,2/3/0/9,1,0,0,FF,0/70/0,N/F/N,1353MHz,2781,0,44.7C/0.0C,3.51ms,0.16ms,0.29ms,16.33ms,2(DR0,0.35,0.35(W0.40),1.00,15.97/21.74,19.55,0,1.21,0,0,16:49:54.246,True,False,80,0,Quest-2,BeatSaber,PopStars-Medium,False,False,1.0
5,4,1478,525,70,0ms,0,0,3,0/0/0/0,1,0,0,FF,0/70/0,N/F/N,1555MHz,2781,0,44.7C/0.0C,3.52ms,0.84ms,0.30ms,14.36ms,2(DR0,0.35,0.32(W0.35),1.00,15.90/22.52,19.53,0,1.21,0,0,16:49:55.238,True,False,80,0,Quest-2,BeatSaber,PopStars-Medium,False,False,1.0
5,4,1478,525,70,0ms,0,0,3,0/1/0/6,1,0,0,FF,0/70/0,N/F/N,1555MHz,2781,0,44.5C/0.0C,3.53ms,0.78ms,0.28ms,14.39ms,2(DR0,0.36,0.38(W0.45),1.00,15.80/21.49,19.36,0,1.21,0,0,16:49:56.238,True,False,80,0,Quest-2,BeatSaber,PopStars-Medium,False,False,1.0
5,4,1478,525,69,0ms,0,0,7,0/1/0/7,1,0,0,FF,0/70/0,N/F/N,2092MHz,2781,0,44.5C/0.0C,3.39ms,0.64ms,0.32ms,14.55ms,2(DR0,0.35,0.30(W0.43),1.00,15.50/21.70,19.24,0,1.21,0,0,16:49:57.238,True,False,80,0,Quest-2,BeatSaber,PopStars-Medium,False,False,1.0
5,4,1478,525,69,0ms,0,0,7,0/1/0/7,1,0,0,FF,0/70/0,N/F/N,1353MHz,2781,0,44.5C/0.0C,3.36ms,0.68ms,0.34ms,14.41ms,2(DR0,0.35,0.30(W0.36),1.00,15.60/21.66,19.34,0,1.21,0,0,16:49:58.238,True,False,80,0,Quest-2,BeatSaber,PopStars-Medium,False,False,1.0
5,4,1478,525,73,0ms,0,0,2,1/0/0/2,1,0,0,FF,0/70/0,N/F/N,1353MHz,2781,0,44.5C/0.0C,3.33ms,1.02ms,0.31ms,13.72ms,2(DR0,0.36,0.25(W0.30),1.00,15.61/21.73,19.34,0,1.21,0,0,16:49:59.239,True,False,80,0,Quest-2,BeatSaber,PopStars-Medium,False,False,1.0
5,4,1478,525,67,0ms,0,0,17,0/3/0/6,1,0,0,FF,0/70/0,N/F/N,1353MHz,2781,0,44.5C/0.0C,3.33ms,0.59ms,0.34ms,14.05ms,2(DR0,0.35,0.25(W0.30),1.00,15.73/21.88,19.73,0,1.21,0,0,16:50:00.239,True,False,80,0,Quest-2,BeatSaber,PopStars-Medium,False,False,1.0
5,4,1478,525,68,0ms,0,0,15,1/0/1/12,1,0,0,FF,0/70/0,N/F/N,1353MHz,2781,0,44.5C/0.0C,3.35ms,0.65ms,0.32ms,14.39ms,2(DR0,0.34,0.36(W0.41),1.00,15.98/21.59,19.54,0,1.21,0,0,16:50:01.239,True,False,80,0,Quest-2,BeatSaber,PopStars-Medium,False,False,1.0
5,4,1478,525,63,0ms,0,0,22,0/3/0/8,1,0,0,FF,0/70/0,N/F/N,1353MHz,2781,0,44.5C/0.0C,3.29ms,2.34ms,0.30ms,15.32ms,2(DR0,0.34,0.19(W0.29),1.00,15.71/21.52,19.37,0,1.21,0,0,16:50:02.239,True,False,80,0,Quest-2,BeatSaber,PopStars-Medium,False,False,1.0
5,4,1478,525,60,0ms,0,0,14,0/2/0/8,1,0,0,FF,0/70/0,N/F/N,1353MHz,2781,0,44.5C/0.0C,3.37ms,2.22ms,0.31ms,16.18ms,2(DR0,0.35,0.20(W0.29),1.00,15.74/21.72,19.31,0,1.21,0,0,16:50:03.239,True,False,80,0,Quest-2,BeatSaber,PopStars-Medium,False,False,1.0
5,4,1478,525,65,0ms,0,0,8,0/1/0/8,1,0,0,FF,0/70/0,N/F/N,1353MHz,2781,0,44.5C/0.0C,3.31ms,0.39ms,0.34ms,15.16ms,2(DR0,0.35,0.25(W0.29),1.00,15.80/21.50,19.46,0,1.21,0,0,16:50:04.239,True,False,80,0,Quest-2,BeatSaber,PopStars-Medium,False,False,1.0
5,4,1478,525,73,0ms,0,0,7,0/1/0/6,1,0,0,FF,0/70/0,N/F/N,1555MHz,2781,0,44.5C/0.0C,3.33ms,0.89ms,0.34ms,13.89ms,2(DR0,0.36,0.16(W0.21),1.00,15.60/21.41,19.24,0,1.21,0,0,16:50:05.239,True,False,80,0,Quest-2,BeatSaber,PopStars-Medium,False,False,1.0
5,4,1478,525,69,0ms,0,0,1,0/0/0/1,1,0,0,FF,0/70/0,N/F/N,1353MHz,2781,0,45.0C/0.0C,3.31ms,0.68ms,0.35ms,14.19ms,2(DR0,0.35,0.36(W0.42),1.00,15.67/21.27,19.17,0,1.21,0,0,16:50:06.239,True,False,80,0,Quest-2,BeatSaber,PopStars-Medium,False,False,1.0
5,4,1478,525,73,0ms,0,0,9,0/1/0/9,1,0,0,FF,0/70/0,N/F/N,1353MHz,2781,0,45.0C/0.0C,3.36ms,0.87ms,0.29ms,13.86ms,2(DR0,0.35,0.34(W0.40),1.00,15.55/21.47,19.30,0,1.21,0,0,16:50:07.239,True,False,80,0,Quest-2,BeatSaber,PopStars-Medium,False,False,1.0
5,4,1478,525,69,0ms,0,0,0,0/0/0/0,1,0,0,FF,0/70/0,N/F/N,1353MHz,2781,0,45.0C/0.0C,3.35ms,0.76ms,0.28ms,14.70ms,2(DR0,0.35,0.20(W0.27),1.00,15.82/21.63,19.45,0,1.21,0,0,16:50:08.239,True,False,80,0,Quest-2,BeatSaber,PopStars-Medium,False,False,1.0
5,4,1478,525,69,0ms,0,0,9,0/1/0/9,1,0,0,FF,0/70/0,N/F/N,1353MHz,2781,0,45.0C/0.0C,3.34ms,0.77ms,0.30ms,14.62ms,2(DR0,0.36,0.31(W0.36),1.00,15.65/22.45,19.34,0,1.21,0,0,16:50:09.239,True,False,80,0,Quest-2,BeatSaber,PopStars-Medium,False,False,1.0
5,4,1478,525,73,0ms,0,0,7,0/1/0/7,1,0,0,FF,0/70/0,N/F/N,1353MHz,2781,0,45.0C/0.0C,3.37ms,0.95ms,0.30ms,13.86ms,2(DR0,0.35,0.32(W0.42),1.00,15.28/21.75,19.29,0,1.21,0,0,16:50:10.239,True,False,80,0,Quest-2,BeatSaber,PopStars-Medium,False,False,1.0
5,4,1478,525,68,0ms,0,0,10,0/0/1/10,1,0,0,FF,0/70/0,N/F/N,1353MHz,2781,0,45.0C/0.0C,3.35ms,0.70ms,0.31ms,15.28ms,2(DR0,0.35,0.40(W0.50),1.00,15.50/21.59,19.33,0,1.21,0,0,16:50:11.239,True,False,80,0,Quest-2,BeatSaber,PopStars-Medium,False,False,1.0
5,4,1478,525,68,0ms,0,0,11,1/1/0/8,1,0,0,FF,0/70/0,N/F/N,1555MHz,2781,0,45.0C/0.0C,3.35ms,0.67ms,0.31ms,14.75ms,2(DR0,0.35,0.30(W0.38),1.00,15.56/21.86,19.44,0,1.21,0,0,16:50:12.239,True,False,80,0,Quest-2,BeatSaber,PopStars-Medium,False,False,1.0
5,4,1478,525,73,0ms,0,0,2,1/0/0/2,1,0,0,FF,0/70/0,N/F/N,1353MHz,2781,0,45.0C/0.0C,3.33ms,0.98ms,0.34ms,13.49ms,2(DR0,0.36,0.23(W0.35),1.00,15.44/22.25,19.33,0,1.21,0,0,16:50:13.239,True,False,80,0,Quest-2,BeatSaber,PopStars-Medium,False,False,1.0
5,4,1478,525,73,0ms,0,0,2,1/0/0/2,1,0,0,FF,0/70/0,N/F/N,1353MHz,2779,0,45.0C/0.0C,3.33ms,1.03ms,0.29ms,13.15ms,2(DR0,0.36,0.30(W0.36),1.00,15.97/21.55,19.47,0,1.21,0,0,16:50:14.247,True,False,80,0,Quest-2,BeatSaber,PopStars-Medium,False,False,1.0
5,4,1478,525,73,0ms,0,0,3,0/0/0/0,1,0,0,FF,0/70/0,N/F/N,1353MHz,2779,0,45.0C/0.0C,3.37ms,1.54ms,0.29ms,13.11ms,2(DR0,0.35,0.25(W0.29),1.00,15.59/22.08,19.44,0,1.21,0,0,16:50:15.240,True,False,80,0,Quest-2,BeatSaber,PopStars-Medium,False,False,1.0
5,4,1478,525,62,0ms,0,0,23,0/3/0/8,1,0,0,FF,0/70/0,N/F/N,1555MHz,2779,0,44.7C/0.0C,3.30ms,3.00ms,0.33ms,15.40ms,2(DR0,0.34,0.27(W0.33),1.00,15.68/21.55,19.31,0,1.21,0,0,16:50:16.240,True,False,80,0,Quest-2,BeatSaber,PopStars-Medium,False,False,1.0
5,4,1478,525,56,0ms,0,0,33,0/2/2/13,1,0,0,FF,0/70/0,N/F/N,1353MHz,2779,0,44.7C/0.0C,3.29ms,1.31ms,0.32ms,17.55ms,2(DR0,0.34,0.19(W0.29),1.00,15.92/21.59,19.42,0,1.21,0,0,16:50:17.240,True,False,80,0,Quest-2,BeatSaber,PopStars-Medium,False,False,1.0
5,4,1478,525,62,0ms,0,0,13,0/0/1/13,1,0,0,FF,0/70/0,N/F/N,1353MHz,2779,0,44.7C/0.0C,3.32ms,0.21ms,0.35ms,16.25ms,2(DR0,0.34,0.30(W0.32),1.00,15.76/21.57,19.41,0,1.21,0,0,16:50:18.240,True,False,80,0,Quest-2,BeatSaber,PopStars-Medium,False,False,1.0
5,4,1478,525,73,0ms,0,0,8,0/1/0/8,1,0,0,FF,0/70/0,N/F/N,1353MHz,2779,0,44.7C/0.0C,3.34ms,1.69ms,0.35ms,13.87ms,2(DR0,0.35,0.24(W0.33),1.00,15.76/21.39,19.23,0,1.21,0,0,16:50:19.240,True,False,80,0,Quest-2,BeatSaber,PopStars-Medium,False,False,1.0
5,4,1478,525,66,0ms,0,0,9,0/1/0/8,1,0,0,FF,0/70/0,N/F/N,1353MHz,2779,0,44.7C/0.0C,3.34ms,0.53ms,0.34ms,15.22ms,2(DR0,0.35,0.28(W0.30),1.00,15.42/21.40,19.22,0,1.21,0,0,16:50:20.240,True,False,80,0,Quest-2,BeatSaber,PopStars-Medium,False,False,1.0
5,4,1478,525,73,0ms,0,0,0,0/0/0/0,1,0,0,FF,0/70/0,N/F/N,1353MHz,2779,0,44.7C/0.0C,3.32ms,0.88ms,0.36ms,13.86ms,2(DR0,0.35,0.25(W0.29),1.00,15.47/21.48,19.09,0,1.21,0,0,16:50:21.240,True,False,80,0,Quest-2,BeatSaber,PopStars-Medium,False,False,1.0
5,4,1478,525,68,0ms,0,0,8,0/1/0/8,1,0,0,FF,0/70/0,N/F/N,1353MHz,2779,0,44.7C/0.0C,3.33ms,0.61ms,0.34ms,14.63ms,2(DR0,0.34,0.27(W0.30),1.00,15.50/21.32,19.26,0,1.21,0,0,16:50:22.240,True,False,80,0,Quest-2,BeatSaber,PopStars-Medium,False,False,1.0
5,4,1478,525,63,0ms,0,0,14,0/0/1/14,1,0,0,FF,0/70/0,N/F/N,1353MHz,2779,0,44.7C/0.0C,3.35ms,0.29ms,0.33ms,15.68ms,2(DR0,0.34,0.23(W0.32),1.00,15.58/21.54,19.27,0,1.21,0,0,16:50:23.240,True,False,80,0,Quest-2,BeatSaber,PopStars-Medium,False,False,1.0
5,4,1478,525,72,0ms,0,0,14,0/0/1/14,1,0,0,FF,0/70/0,N/F/N,1353MHz,2779,0,44.7C/0.0C,3.32ms,1.81ms,0.32ms,13.91ms,2(DR0,0.35,0.22(W0.26),1.00,15.58/21.54,19.27,0,1.21,0,0,16:50:24.240,True,False,80,0,Quest-2,BeatSaber,PopStars-Medium,False,False,1.0
5,4,1478,525,68,0ms,0,0,10,0/0/0/1,1,0,0,FF,0/70/0,N/F/N,1353MHz,2779,0,44.7C/0.0C,3.37ms,2.76ms,0.31ms,14.81ms,2(DR0,0.36,0.20(W0.20),1.00,15.50/21.57,19.21,0,1.21,0,0,16:50:25.240,True,False,80,0,Quest-2,BeatSaber,PopStars-Medium,False,False,1.0
5,4,1478,525,68,0ms,0,0,9,0/2/0/8,1,0,0,FF,0/70/0,N/F/N,1353MHz,2779,0,45.0C/0.0C,3.32ms,0.65ms,0.34ms,14.75ms,2(DR0,0.34,0.32(W0.45),1.00,15.63/21.66,19.42,0,1.21,0,0,16:50:26.240,True,False,80,0,Quest-2,BeatSaber,PopStars-Medium,False,False,1.0
5,4,1478,525,73,0ms,0,0,0,0/0/0/0,1,0,0,FF,0/70/0,N/F/N,1353MHz,2779,0,45.0C/0.0C,3.32ms,0.92ms,0.35ms,13.86ms,2(DR0,0.33,0.22(W0.37),1.00,16.17/21.56,19.62,0,1.21,0,0,16:50:27.240,True,False,80,0,Quest-2,BeatSaber,PopStars-Medium,False,False,1.0
5,4,1478,525,69,0ms,0,0,3,0/0/0/0,1,0,0,FF,0/70/0,N/F/N,1353MHz,2779,0,45.0C/0.0C,3.32ms,0.78ms,0.30ms,14.51ms,2(DR0,0.35,0.17(W0.30),1.00,15.89/21.62,19.39,0,1.21,0,0,16:50:28.240,True,False,80,0,Quest-2,BeatSaber,PopStars-Medium,False,False,1.0
5,4,1478,525,73,0ms,0,0,5,0/1/0/7,1,0,0,FF,0/70/0,N/F/N,1353MHz,2779,0,45.0C/0.0C,3.33ms,1.01ms,0.30ms,13.39ms,2(DR0,0.36,0.26(W0.32),1.00,15.77/21.85,19.50,0,1.21,0,0,16:50:29.241,True,False,80,0,Quest-2,BeatSaber,PopStars-Medium,False,False,1.0
5,4,1478,525,71,0ms,0,0,2,1/0/0/2,1,0,0,FF,0/70/0,N/F/N,1353MHz,2779,0,45.0C/0.0C,3.32ms,0.92ms,0.33ms,13.89ms,2(DR0,0.36,0.26(W0.35),1.00,15.80/22.12,19.50,0,1.21,0,0,16:50:30.241,True,False,80,0,Quest-2,BeatSaber,PopStars-Medium,False,False,1.0
5,4,1478,525,70,0ms,0,0,11,2/1/0/7,1,0,0,FF,0/70/0,N/F/N,1353MHz,2779,0,45.0C/0.0C,3.34ms,1.26ms,0.30ms,13.70ms,2(DR0,0.35,0.30(W0.41),1.00,15.63/22.03,19.48,0,1.21,0,0,16:50:31.241,True,False,80,0,Quest-2,BeatSaber,PopStars-Medium,False,False,1.0
5,4,1478,525,68,0ms,0,0,6,0/1/0/6,1,0,0,FF,0/70/0,N/F/N,1353MHz,2779,0,45.0C/0.0C,3.31ms,0.61ms,0.32ms,14.75ms,2(DR0,0.34,0.26(W0.33),1.00,15.48/21.78,19.40,0,1.21,0,0,16:50:32.241,True,False,80,0,Quest-2,BeatSaber,PopStars-Medium,False,False,1.0
5,4,1478,525,69,0ms,0,0,9,0/1/0/8,1,0,0,FF,0/70/0,N/F/N,1353MHz,2779,0,45.0C/0.0C,3.31ms,0.74ms,0.30ms,14.51ms,2(DR0,0.35,0.28(W0.42),1.00,15.57/21.55,19.45,0,1.21,0,0,16:50:33.241,True,False,80,0,Quest-2,BeatSaber,PopStars-Medium,False,False,1.0
5,4,1478,525,73,0ms,0,0,8,0/1/0/7,1,0,0,FF,0/70/0,N/F/N,1353MHz,2780,0,45.0C/0.0C,3.36ms,0.93ms,0.31ms,13.86ms,2(DR0,0.35,0.25(W0.32),1.00,15.87/21.51,19.36,0,1.21,0,0,16:50:34.248,True,False,80,0,Quest-2,BeatSaber,PopStars-Medium,False,False,1.0
5,4,1478,525,64,0ms,0,0,2,1/0/0/2,1,0,0,FF,0/70/0,N/F/N,1804MHz,2780,0,45.0C/0.0C,3.33ms,0.91ms,0.32ms,15.44ms,2(DR0,0.34,0.24(W0.28),1.00,15.87/21.59,19.32,0,1.21,0,0,16:50:35.241,True,False,80,0,Quest-2,BeatSaber,PopStars-Medium,False,False,1.0
5,4,1478,525,72,0ms,0,0,16,0/2/0/8,1,0,0,FF,0/70/0,N/F/N,1353MHz,2780,0,44.7C/0.0C,3.35ms,1.27ms,0.31ms,14.11ms,2(DR0,0.35,0.32(W0.41),1.00,15.56/21.47,19.25,0,1.21,0,0,16:50:36.241,True,False,80,0,Quest-2,BeatSaber,PopStars-Medium,False,False,1.0
5,4,1478,525,70,0ms,0,0,3,1/0/0/2,1,0,0,FF,0/70/0,N/F/N,1353MHz,2780,0,44.7C/0.0C,3.38ms,1.49ms,0.33ms,14.37ms,2(DR0,0.36,0.25(W0.33),1.00,15.50/21.73,19.31,0,1.21,0,0,16:50:37.241,True,False,80,0,Quest-2,BeatSaber,PopStars-Medium,False,False,1.0
5,4,1478,525,66,0ms,0,0,14,0/2/0/8,1,0,0,FF,0/70/0,N/F/N,1353MHz,2780,0,44.7C/0.0C,3.30ms,0.55ms,0.31ms,14.56ms,2(DR0,0.34,0.27(W0.32),1.00,15.74/21.78,19.43,0,1.21,0,0,16:50:38.241,True,False,80,0,Quest-2,BeatSaber,PopStars-Medium,False,False,1.0
5,4,1478,525,73,0ms,0,0,9,0/1/0/8,1,0,0,FF,0/70/0,N/F/N,1353MHz,2780,0,44.7C/0.0C,3.33ms,0.58ms,0.33ms,13.86ms,2(DR0,0.35,0.34(W0.39),1.00,15.58/21.42,19.48,0,1.21,0,0,16:50:39.241,True,False,80,0,Quest-2,BeatSaber,PopStars-Medium,False,False,1.0
5,4,1478,525,69,0ms,0,0,0,0/0/0/0,1,0,0,FF,0/70/0,N/F/N,1353MHz,2780,0,44.7C/0.0C,3.32ms,0.70ms,0.31ms,14.59ms,2(DR0,0.36,0.29(W0.38),1.00,15.68/21.32,19.25,0,1.21,0,0,16:50:40.241,True,False,80,0,Quest-2,BeatSaber,PopStars-Medium,False,False,1.0
5,4,1478,525,69,0ms,0,0,9,0/1/0/9,1,0,0,FF,0/70/0,N/F/N,1353MHz,2780,0,44.7C/0.0C,3.35ms,2.47ms,0.28ms,14.60ms,2(DR0,0.35,0.27(W0.38),1.00,15.54/21.61,19.35,0,1.21,0,0,16:50:41.241,True,False,80,0,Quest-2,BeatSaber,PopStars-Medium,False,False,1.0
5,4,1478,525,68,0ms,0,0,15,0/2/0/7,1,0,0,FF,0/70/0,N/F/N,1353MHz,2780,0,44.7C/0.0C,3.33ms,1.04ms,0.30ms,14.54ms,2(DR0,0.34,0.21(W0.32),1.00,15.45/21.78,19.57,0,1.21,0,0,16:50:42.241,True,False,80,0,Quest-2,BeatSaber,PopStars-Medium,False,False,1.0
5,4,1478,525,71,0ms,0,0,6,2/0/0/2,1,0,0,FF,0/70/0,N/F/N,1353MHz,2780,0,44.7C/0.0C,3.30ms,0.65ms,0.31ms,14.04ms,2(DR0,0.35,0.24(W0.27),1.00,15.97/21.81,19.60,0,1.21,0,0,16:50:43.241,True,False,80,0,Quest-2,BeatSaber,PopStars-Medium,False,False,1.0
5,4,1478,525,73,0ms,0,0,1,0/0/0/1,1,0,0,FF,0/70/0,N/F/N,1353MHz,2780,0,44.7C/0.0C,3.34ms,0.91ms,0.27ms,13.86ms,2(DR0,0.35,0.22(W0.35),1.00,15.75/21.52,19.49,0,1.21,0,0,16:50:44.242,True,False,80,0,Quest-2,BeatSaber,PopStars-Medium,False,False,1.0
5,4,1478,525,73,0ms,0,0,0,0/0/0/0,1,0,0,FF,0/70/0,N/F/N,1353MHz,2780,0,44.7C/0.0C,3.34ms,0.94ms,0.27ms,13.86ms,2(DR0,0.36,0.27(W0.33),1.00,15.82/21.66,19.45,0,1.21,0,0,16:50:45.242,True,False,80,0,Quest-2,BeatSaber,PopStars-Medium,False,False,1.0
5,4,1478,525,71,0ms,0,0,8,0/1/0/6,1,0,0,FF,0/70/0,N/F/N,1353MHz,2780,0,44.7C/0.0C,3.30ms,0.97ms,0.28ms,14.13ms,2(DR0,0.35,0.41(W0.50),1.00,15.64/21.76,19.37,0,1.21,0,0,16:50:46.242,True,False,80,0,Quest-2,BeatSaber,PopStars-Medium,False,False,1.0
5,4,1478,525,73,0ms,0,0,0,0/0/0/0,1,0,0,FF,0/70/0,N/F/N,1555MHz,2780,0,44.7C/0.0C,3.31ms,1.01ms,0.28ms,13.86ms,2(DR0,0.35,0.31(W0.50),1.00,15.58/21.56,19.28,0,1.21,0,0,16:50:47.242,True,False,80,0,Quest-2,BeatSaber,PopStars-Medium,False,False,1.0
5,4,1478,525,69,0ms,0,0,0,0/0/0/0,1,0,0,FF,0/70/0,N/F/N,1555MHz,2780,0,44.7C/0.0C,3.31ms,1.13ms,0.32ms,14.63ms,2(DR0,0.36,0.15(W0.20),1.00,15.54/21.73,19.34,0,1.21,0,0,16:50:48.242,True,False,80,0,Quest-2,BeatSaber,PopStars-Medium,False,False,1.0
5,4,1478,525,73,0ms,0,0,14,2/1/0/9,1,0,0,FF,0/70/0,N/F/N,1353MHz,2780,0,44.7C/0.0C,3.33ms,0.79ms,0.28ms,13.86ms,2(DR0,0.35,0.19(W0.22),1.00,15.38/21.73,19.96,0,1.21,0,0,16:50:49.242,True,False,80,0,Quest-2,BeatSaber,PopStars-Medium,False,False,1.0
5,4,1478,525,73,0ms,0,0,2,1/0/0/2,1,0,0,FF,0/70/0,N/F/N,1353MHz,2780,0,44.7C/0.0C,3.30ms,2.03ms,0.33ms,13.86ms,2(DR0,0.34,0.26(W0.37),1.00,16.12/21.83,19.63,0,1.21,0,0,16:50:50.242,True,False,80,0,Quest-2,BeatSaber,PopStars-Medium,False,False,1.0
5,4,1478,525,68,0ms,0,0,10,0/1/0/9,1,0,0,FF,0/70/0,N/F/N,1353MHz,2780,0,44.7C/0.0C,3.35ms,1.93ms,0.28ms,14.82ms,2(DR0,0.35,0.25(W0.30),1.00,15.82/22.85,19.52,0,1.21,0,0,16:50:51.242,True,False,80,0,Quest-2,BeatSaber,PopStars-Medium,False,False,1.0
5,4,1478,525,69,0ms,0,0,8,0/1/0/7,1,0,0,FF,0/70/0,N/F/N,1353MHz,2780,0,44.7C/0.0C,3.35ms,0.68ms,0.31ms,14.66ms,2(DR0,0.35,0.30(W0.39),1.00,15.41/21.67,19.44,0,1.21,0,0,16:50:52.242,True,False,80,0,Quest-2,BeatSaber,PopStars-Medium,False,False,1.0
5,4,1478,525,73,0ms,0,0,0,0/0/0/0,1,0,0,FF,0/70/0,N/F/N,1555MHz,2780,0,44.7C/0.0C,3.36ms,0.94ms,0.30ms,13.86ms,2(DR0,0.35,0.09(W0.16),1.00,15.74/21.63,19.46,0,1.21,0,0,16:50:53.242,True,False,80,0,Quest-2,BeatSaber,PopStars-Medium,False,False,1.0
5,4,1478,525,73,0ms,0,0,0,0/0/0/0,1,0,0,FF,0/70/0,N/F/N,1353MHz,2783,0,44.7C/0.0C,3.31ms,0.97ms,0.27ms,13.86ms,2(DR0,0.36,0.19(W0.21),1.00,15.50/21.69,19.57,0,1.21,0,0,16:50:54.249,True,False,80,0,Quest-2,BeatSaber,PopStars-Medium,False,False,1.0
5,4,1478,525,70,0ms,0,0,15,0/2/0/8,1,0,0,FF,0/70/0,N/F/N,1353MHz,2783,0,44.7C/0.0C,3.30ms,1.01ms,0.31ms,14.43ms,2(DR0,0.35,0.23(W0.33),1.00,16.06/21.71,19.59,0,1.21,0,0,16:50:55.242,True,False,80,0,Quest-2,BeatSaber,PopStars-Medium,False,False,1.0
5,4,1478,525,65,0ms,0,0,18,0/2/0/9,1,0,0,FF,0/70/0,N/F/N,1353MHz,2783,0,44.5C/0.0C,3.33ms,0.57ms,0.33ms,14.42ms,2(DR0,0.36,0.32(W0.43),1.00,15.75/21.63,19.42,0,1.21,0,0,16:50:56.242,True,False,80,0,Quest-2,BeatSaber,PopStars-Medium,False,False,1.0
5,4,1478,525,68,0ms,0,0,1,1/0/0/2,1,0,0,FF,0/70/0,N/F/N,1353MHz,2783,0,44.5C/0.0C,3.36ms,1.30ms,0.33ms,13.27ms,2(DR0,0.32,0.30(W0.39),1.00,15.60/21.78,19.42,0,1.21,0,0,16:50:57.243,True,False,80,0,Quest-2,BeatSaber,PopStars-Medium,False,False,1.0
5,4,1478,525,59,0ms,0,0,26,0/1/1/17,1,0,0,FF,0/70/0,N/F/N,1353MHz,2783,0,44.5C/0.0C,3.32ms,0.06ms,0.33ms,16.16ms,2(DR0,0.35,0.24(W0.32),1.00,15.50/21.81,19.32,0,1.21,0,0,16:50:58.243,True,False,80,0,Quest-2,BeatSaber,PopStars-Medium,False,False,1.0
5,4,1478,525,73,0ms,0,0,2,0/0/0/1,1,0,0,FF,0/70/0,N/F/N,1353MHz,2783,0,44.5C/0.0C,3.36ms,0.89ms,0.34ms,13.89ms,2(DR0,0.34,0.28(W0.29),1.00,15.71/21.85,19.52,0,1.21,0,0,16:50:59.243,True,False,80,0,Quest-2,BeatSaber,PopStars-Medium,False,False,1.0
5,4,1478,525,68,0ms,0,0,8,0/1/0/8,1,0,0,FF,0/70/0,N/F/N,1353MHz,2783,0,44.7C/0.0C,3.32ms,0.60ms,0.34ms,14.79ms,2(DR0,0.35,0.25(W0.26),1.00,15.83/21.62,19.50,0,1.21,0,0,16:51:00.243,True,False,80,0,Quest-2,BeatSaber,PopStars-Medium,False,False,1.0
5,4,1478,525,73,0ms,0,0,1,0/0/0/1,1,0,0,FF,0/70/0,N/F/N,1353MHz,2783,0,44.7C/0.0C,3.31ms,1.28ms,0.31ms,13.90ms,2(DR0,0.35,0.32(W0.33),1.00,15.37/21.25,19.17,0,1.21,0,0,16:51:01.243,True,False,80,0,Quest-2,BeatSaber,PopStars-Medium,False,False,1.0
5,4,1478,525,61,0ms,0,0,22,1/2/0/8,1,0,0,FF,0/70/0,N/F/N,1353MHz,2783,0,44.7C/0.0C,3.33ms,0.13ms,0.34ms,16.18ms,2(DR0,0.35,0.37(W0.41),1.00,15.96/21.72,19.54,0,1.21,0,0,16:51:02.243,True,False,80,0,Quest-2,BeatSaber,PopStars-Medium,False,False,1.0
5,4,1478,525,70,0ms,0,0,8,0/1/0/8,1,0,0,FF,0/70/0,N/F/N,1353MHz,2783,0,44.7C/0.0C,3.35ms,0.86ms,0.32ms,13.86ms,2(DR0,0.35,0.16(W0.25),1.00,15.76/21.40,19.36,0,1.21,0,0,16:51:03.243,True,False,80,0,Quest-2,BeatSaber,PopStars-Medium,False,False,1.0
5,4,1478,525,71,0ms,0,0,6,0/0/0/0,1,0,0,FF,0/70/0,N/F/N,1353MHz,2783,0,44.7C/0.0C,3.30ms,0.76ms,0.33ms,13.86ms,2(DR0,0.34,0.35(W0.38),1.00,15.54/21.85,19.36,0,1.21,0,0,16:51:04.243,True,False,80,0,Quest-2,BeatSaber,PopStars-Medium,False,False,1.0
5,4,1478,525,69,0ms,0,0,11,0/1/0/8,1,0,0,FF,0/70/0,N/F/N,1353MHz,2783,0,44.7C/0.0C,3.30ms,0.68ms,0.35ms,14.59ms,2(DR0,0.34,0.31(W0.32),1.00,16.41/21.72,19.66,0,1.21,0,0,16:51:05.243,True,False,80,0,Quest-2,BeatSaber,PopStars-Medium,False,False,1.0
5,4,1574,525,68,0ms,0,0,1,0/1/0/8,1,0,0,FF,0/70/0,N/F/N,1353MHz,2783,0,44.7C/0.0C,3.36ms,4.13ms,0.31ms,14.76ms,2(DR0,0.34,0.33(W0.44),1.00,15.93/21.91,19.45,0,1.21,0,0,16:51:06.243,True,False,80,0,Quest-2,BeatSaber,PopStars-Medium,False,False,1.0
5,4,1478,525,63,0ms,0,0,25,0/3/0/8,1,0,0,FF,0/70/0,N/F/N,1353MHz,2783,0,44.7C/0.0C,3.30ms,0.36ms,0.34ms,15.70ms,2(DR0,0.36,0.38(W0.42),1.00,15.90/21.25,19.30,0,1.21,0,0,16:51:07.243,True,False,80,0,Quest-2,BeatSaber,PopStars-Medium,False,False,1.0
5,4,1478,525,68,0ms,0,0,0,0/0/0/0,1,0,0,FF,0/70/0,N/F/N,1353MHz,2783,0,44.7C/0.0C,3.36ms,1.15ms,0.33ms,14.29ms,2(DR0,0.34,0.24(W0.32),1.00,15.61/21.22,19.23,0,1.21,0,0,16:51:08.243,True,False,80,0,Quest-2,BeatSaber,PopStars-Medium,False,False,1.0
5,4,1478,525,68,0ms,0,0,16,0/2/0/8,1,0,0,FF,0/70/0,N/F/N,1353MHz,2783,0,44.7C/0.0C,3.33ms,0.60ms,0.35ms,14.80ms,2(DR0,0.34,0.26(W0.27),1.00,15.55/21.63,19.24,0,1.21,0,0,16:51:09.243,True,False,80,0,Quest-2,BeatSaber,PopStars-Medium,False,False,1.0
5,4,1478,525,68,0ms,0,0,7,0/0/0/0,1,0,0,FF,0/70/0,N/F/N,1353MHz,2783,0,44.7C/0.0C,3.32ms,3.36ms,0.32ms,13.86ms,2(DR0,0.34,0.16(W0.20),1.00,15.43/22.10,19.26,0,1.21,0,0,16:51:10.243,True,False,80,0,Quest-2,BeatSaber,PopStars-Medium,False,False,1.0
5,4,1478,525,62,0ms,0,0,11,0/1/1/10,1,0,0,FF,0/70/0,N/F/N,1353MHz,2783,0,44.7C/0.0C,3.30ms,1.98ms,0.32ms,15.91ms,2(DR0,0.34,0.20(W0.23),1.00,15.77/21.68,19.55,0,1.21,0,0,16:51:11.243,True,False,80,0,Quest-2,BeatSaber,PopStars-Medium,False,False,1.0
5,4,1478,525,62,0ms,0,0,21,0/1/1/13,1,0,0,FF,0/70/0,N/F/N,1353MHz,2783,0,44.7C/0.0C,3.32ms,0.20ms,0.33ms,15.86ms,2(DR0,0.34,0.32(W0.35),1.00,16.08/21.75,19.73,0,1.21,0,0,16:51:12.244,True,False,80,0,Quest-2,BeatSaber,PopStars-Medium,False,False,1.0
5,4,1478,525,68,0ms,0,0,9,0/1/0/8,1,0,0,FF,0/70/0,N/F/N,1353MHz,2783,0,44.7C/0.0C,3.32ms,1.38ms,0.35ms,14.85ms,2(DR0,0.36,0.24(W0.26),1.00,16.22/22.16,19.61,0,1.21,0,0,16:51:13.244,True,False,80,0,Quest-2,BeatSaber,PopStars-Medium,False,False,1.0
5,4,1478,525,65,0ms,0,0,25,0/1/1/11,1,0,0,FF,0/70/0,N/F/N,1353MHz,2775,0,44.7C/0.0C,3.31ms,0.43ms,0.33ms,15.18ms,2(DR0,0.30,0.14(W0.25),1.00,16.11/21.52,19.39,0,1.21,0,0,16:51:14.253,True,False,80,0,Quest-2,BeatSaber,PopStars-Medium,False,False,1.0
5,4,1478,525,53,0ms,0,0,21,0/1/1/21,1,0,0,FF,0/70/0,N/F/N,1353MHz,2775,0,44.7C/0.0C,3.32ms,0.56ms,0.32ms,17.51ms,2(DR0,0.35,0.26(W0.32),1.00,15.93/21.77,19.39,0,1.21,0,0,16:51:15.244,True,False,80,0,Quest-2,BeatSaber,PopStars-Medium,False,False,1.0
5,4,1478,525,69,0ms,0,0,10,1/1/0/7,1,0,0,FF,0/70/0,N/F/N,1353MHz,2775,0,44.7C/0.0C,3.32ms,0.73ms,0.34ms,14.58ms,2(DR0,0.35,0.39(W0.50),1.00,15.64/21.96,19.40,0,1.21,0,0,16:51:16.244,True,False,80,0,Quest-2,BeatSaber,PopStars-Medium,False,False,1.0
5,4,1478,525,73,0ms,0,0,0,0/0/0/0,1,0,0,FF,0/70/0,N/F/N,1353MHz,2775,0,44.7C/0.0C,3.32ms,0.87ms,0.35ms,13.86ms,2(DR0,0.34,0.31(W0.36),1.00,15.64/21.35,19.29,0,1.21,0,0,16:51:17.244,True,False,80,0,Quest-2,BeatSaber,PopStars-Medium,False,False,1.0
5,4,1478,525,73,0ms,0,0,0,0/0/0/0,1,0,0,FF,0/70/0,N/F/N,1353MHz,2775,0,44.7C/0.0C,3.35ms,0.96ms,0.29ms,13.87ms,2(DR0,0.36,0.24(W0.32),1.00,15.62/21.27,19.26,0,1.21,0,0,16:51:18.244,True,False,80,0,Quest-2,BeatSaber,PopStars-Medium,False,False,1.0
5,4,1478,525,68,0ms,0,0,9,0/1/0/8,1,0,0,FF,0/70/0,N/F/N,1353MHz,2775,0,44.7C/0.0C,3.33ms,1.29ms,0.31ms,14.80ms,2(DR0,0.34,0.20(W0.27),1.00,15.53/21.98,19.25,0,1.21,0,0,16:51:19.244,True,False,80,0,Quest-2,BeatSaber,PopStars-Medium,False,False,1.0
5,4,1478,525,65,0ms,0,0,17,1/2/0/7,1,0,0,FF,0/70/0,N/F/N,1353MHz,2775,0,44.7C/0.0C,3.31ms,0.40ms,0.34ms,15.04ms,2(DR0,0.35,0.28(W0.38),1.00,15.80/21.44,19.79,0,1.21,0,0,16:51:20.244,True,False,80,0,Quest-2,BeatSaber,PopStars-Medium,False,False,1.0
5,4,1478,525,73,0ms,0,0,0,0/0/0/0,1,0,0,FF,0/70/0,N/F/N,1353MHz,2775,0,44.7C/0.0C,3.32ms,2.45ms,0.30ms,13.87ms,2(DR0,0.32,0.29(W0.36),1.00,16.07/21.63,19.43,0,1.21,0,0,16:51:21.244,True,False,80,0,Quest-2,BeatSaber,PopStars-Medium,False,False,1.0
5,4,1478,525,63,0ms,0,0,23,0/2/0/9,1,0,0,FF,0/70/0,N/F/N,1804MHz,2775,0,44.7C/0.0C,3.32ms,0.65ms,0.31ms,15.66ms,2(DR0,0.36,0.31(W0.33),1.00,15.60/21.58,19.38,0,1.21,0,0,16:51:22.244,True,False,80,0,Quest-2,BeatSaber,PopStars-Medium,False,False,1.0
5,4,1478,525,67,0ms,0,0,13,0/2/0/7,1,0,0,FF,0/70/0,N/F/N,1353MHz,2775,0,44.7C/0.0C,3.31ms,0.56ms,0.33ms,14.82ms,2(DR0,0.34,0.23(W0.32),1.00,15.65/22.26,19.40,0,1.21,0,0,16:51:23.244,True,False,80,0,Quest-2,BeatSaber,PopStars-Medium,False,False,1.0
5,4,1478,525,70,0ms,0,0,0,0/1/0/6,1,0,0,FF,0/70/0,N/F/N,1353MHz,2775,0,44.7C/0.0C,3.33ms,0.84ms,0.34ms,13.90ms,2(DR0,0.35,0.27(W0.30),1.00,16.18/21.90,19.73,0,1.21,0,0,16:51:24.244,True,False,80,0,Quest-2,BeatSaber,PopStars-Medium,False,False,1.0
5,4,1478,525,72,0ms,0,0,9,0/1/0/9,1,0,0,FF,0/70/0,N/F/N,1353MHz,2775,0,44.7C/0.0C,3.34ms,0.94ms,0.29ms,13.86ms,2(DR0,0.35,0.24(W0.30),1.00,15.50/21.70,19.44,0,1.21,0,0,16:51:25.245,True,False,80,0,Quest-2,BeatSaber,PopStars-Medium,False,False,1.0
5,4,1478,525,72,0ms,0,0,3,1/0/0/2,1,0,0,FF,0/70/0,N/F/N,1353MHz,2775,0,44.7C/0.0C,3.34ms,0.96ms,0.30ms,13.73ms,2(DR0,0.37,0.34(W0.45),1.00,15.47/21.84,19.33,0,1.21,0,0,16:51:26.245,True,False,80,0,Quest-2,BeatSaber,PopStars-Medium,False,False,1.0
5,4,1478,525,73,0ms,0,0,0,0/0/0/0,1,0,0,FF,0/70/0,N/F/N,1353MHz,2775,0,44.7C/0.0C,3.24ms,2.56ms,0.29ms,13.11ms,2(DR0,0.33,0.27(W0.38),1.00,15.38/21.79,19.28,0,1.21,0,0,16:51:27.245,True,False,80,0,Quest-2,BeatSaber,PopStars-Medium,False,False,1.0
5,4,1862,525,64,0ms,0,0,18,0/2/0/9,1,0,0,FF,0/70/0,N/F/N,1353MHz,2775,0,44.7C/0.0C,3.13ms,0.36ms,0.32ms,15.43ms,2(DR0,0.32,0.27(W0.29),1.00,15.51/21.67,19.20,0,1.21,0,0,16:51:28.245,True,False,80,0,Quest-2,BeatSaber,PopStars-Medium,False,False,1.0
5,4,1862,525,63,0ms,0,0,18,0/2/0/8,1,0,0,FF,0/70/0,N/F/N,1353MHz,2775,0,44.7C/0.0C,3.23ms,0.31ms,0.32ms,15.73ms,2(DR0,0.33,0.17(W0.25),1.00,15.32/21.57,19.13,0,1.21,0,0,16:51:29.245,True,False,80,0,Quest-2,BeatSaber,PopStars-Medium,False,False,1.0
5,4,1478,525,73,0ms,0,0,0,0/0/0/0,1,0,0,FF,0/70/0,N/F/N,1353MHz,2775,0,44.7C/0.0C,3.31ms,2.36ms,0.31ms,13.86ms,2(DR0,0.34,0.21(W0.30),1.00,15.39/21.20,18.98,0,1.21,0,0,16:51:30.245,True,False,80,0,Quest-2,BeatSaber,PopStars-Medium,False,False,1.0
5,4,1478,525,69,0ms,0,0,11,1/1/0/9,1,0,0,FF,0/70/0,N/F/N,1353MHz,2775,0,44.7C/0.0C,3.31ms,1.82ms,0.34ms,14.18ms,2(DR0,0.35,0.39(W0.55),1.00,15.59/21.42,19.23,0,1.21,0,0,16:51:31.245,True,False,80,0,Quest-2,BeatSaber,PopStars-Medium,False,False,1.0
5,4,1478,525,70,0ms,0,0,8,1/1/0/6,1,0,0,FF,0/70/0,N/F/N,1804MHz,2775,0,44.7C/0.0C,3.32ms,0.83ms,0.33ms,14.02ms,2(DR0,0.37,0.38(W0.42),1.00,15.72/21.78,19.37,0,1.21,0,0,16:51:32.245,True,False,80,0,Quest-2,BeatSaber,PopStars-Medium,False,False,1.0
5,4,1478,525,70,0ms,0,0,8,0/1/0/6,1,0,0,FF,0/70/0,N/F/N,1353MHz,2775,0,44.7C/0.0C,3.34ms,1.74ms,0.31ms,13.71ms,2(DR0,0.34,0.30(W0.36),1.00,15.50/21.80,19.41,0,1.21,0,0,16:51:33.245,True,False,80,0,Quest-2,BeatSaber,PopStars-Medium,False,False,1.0
5,4,1478,525,66,0ms,0,0,13,0/2/0/8,1,0,0,FF,0/70/0,N/F/N,1555MHz,2783,0,44.7C/0.0C,3.33ms,0.65ms,0.31ms,15.09ms,2(DR0,0.34,0.19(W0.26),1.00,15.72/21.90,19.37,0,1.21,0,0,16:51:34.252,True,False,80,0,Quest-2,BeatSaber,PopStars-Medium,False,False,1.0
5,4,1478,525,70,0ms,0,0,7,0/1/0/6,1,0,0,FF,0/70/0,N/F/N,1555MHz,2783,0,44.7C/0.0C,3.31ms,2.73ms,0.28ms,14.22ms,2(DR0,0.34,0.27(W0.35),1.00,15.71/21.55,19.28,0,1.21,0,0,16:51:35.245,True,False,80,0,Quest-2,BeatSaber,PopStars-Medium,False,False,1.0
5,4,1478,525,68,0ms,0,0,8,0/1/0/8,1,0,0,FF,0/70/0,N/F/N,1353MHz,2783,0,44.7C/0.0C,3.30ms,0.54ms,0.33ms,14.77ms,2(DR0,0.34,0.21(W0.22),1.00,15.55/21.54,19.33,0,1.21,0,0,16:51:36.245,True,False,80,0,Quest-2,BeatSaber,PopStars-Medium,False,False,1.0
5,4,1478,525,73,0ms,0,0,0,0/0/0/0,1,0,0,FF,0/70/0,N/F/N,1353MHz,2783,0,44.7C/0.0C,3.28ms,0.83ms,0.34ms,13.86ms,2(DR0,0.34,0.21(W0.32),1.00,15.52/21.55,19.15,0,1.21,0,0,16:51:37.245,True,False,80,0,Quest-2,BeatSaber,PopStars-Medium,False,False,1.0
5,4,1478,525,66,0ms,0,0,13,0/2/0/8,1,0,0,FF,0/70/0,N/F/N,1353MHz,2783,0,44.7C/0.0C,3.15ms,0.44ms,0.31ms,14.77ms,2(DR0,0.32,0.35(W0.38),1.00,15.34/21.72,19.25,0,1.21,0,0,16:51:38.245,True,False,80,0,Quest-2,BeatSaber,PopStars-Medium,False,False,1.0
5,4,1478,525,73,0ms,0,0,2,0/0/0/0,1,0,0,FF,0/70/0,N/F/N,1353MHz,2783,0,44.7C/0.0C,3.12ms,2.26ms,0.29ms,13.86ms,2(DR0,0.32,0.12(W0.16),1.00,15.65/21.52,19.34,0,1.21,0,0,16:51:39.245,True,False,80,0,Quest-2,BeatSaber,PopStars-Medium,False,False,1.0
5,4,1478,525,64,0ms,0,0,15,0/2/0/9,1,0,0,FF,0/70/0,N/F/N,1353MHz,2783,0,44.7C/0.0C,3.15ms,0.37ms,0.31ms,15.56ms,2(DR0,0.33,0.25(W0.39),1.00,15.56/22.25,19.31,0,1.21,0,0,16:51:40.246,True,False,80,0,Quest-2,BeatSaber,PopStars-Medium,False,False,1.0
5,4,1478,525,73,0ms,0,0,7,0/0/0/1,1,0,0,FF,0/70/0,N/F/N,1555MHz,2783,0,44.7C/0.0C,3.26ms,4.12ms,0.30ms,13.90ms,2(DR0,0.34,0.28(W0.29),1.00,15.39/21.76,19.20,0,1.21,0,0,16:51:41.246,True,False,80,0,Quest-2,BeatSaber,PopStars-Medium,False,False,1.0
5,4,1478,525,67,0ms,0,0,17,0/0/1/16,1,0,0,FF,0/70/0,N/F/N,2092MHz,2783,0,44.7C/0.0C,3.31ms,2.05ms,0.32ms,14.93ms,2(DR0,0.34,0.33(W0.39),1.00,15.45/21.66,19.56,0,1.21,0,0,16:51:42.246,True,False,80,0,Quest-2,BeatSaber,PopStars-Medium,False,False,1.0
5,4,1478,525,72,0ms,0,0,3,1/1/0/7,1,0,0,FF,0/70/0,N/F/N,1353MHz,2783,0,44.7C/0.0C,3.34ms,0.82ms,0.34ms,14.10ms,2(DR0,0.35,0.28(W0.32),1.00,15.51/21.66,19.38,0,1.21,0,0,16:51:43.246,True,False,80,0,Quest-2,BeatSaber,PopStars-Medium,False,False,1.0
5,4,1478,525,68,0ms,0,0,9,0/1/0/8,1,0,0,FF,0/70/0,N/F/N,1353MHz,2783,0,44.7C/0.0C,3.37ms,0.63ms,0.34ms,14.75ms,2(DR0,0.35,0.18(W0.29),1.00,15.77/21.70,19.32,0,1.21,0,0,16:51:44.246,True,False,80,0,Quest-2,BeatSaber,PopStars-Medium,False,False,1.0
5,4,1478,525,63,0ms,0,0,16,0/1/0/8,1,0,0,FF,0/70/0,N/F/N,1353MHz,2783,0,44.7C/0.0C,3.40ms,2.84ms,0.32ms,15.71ms,2(DR0,0.34,0.20(W0.24),1.00,15.52/21.85,19.45,0,1.21,0,0,16:51:45.246,True,False,80,0,Quest-2,BeatSaber,PopStars-Medium,False,False,1.0
5,4,1478,525,66,0ms,0,0,12,0/2/0/8,1,0,0,FF,0/70/0,N/F/N,1353MHz,2783,0,44.7C/0.0C,3.39ms,1.71ms,0.34ms,15.24ms,2(DR0,0.34,0.27(W0.35),1.00,15.49/21.38,19.26,0,1.21,0,0,16:51:46.246,True,False,80,0,Quest-2,BeatSaber,PopStars-Medium,False,False,1.0
5,4,1478,525,70,0ms,0,0,10,0/2/0/6,1,0,0,FF,0/70/0,N/F/N,1804MHz,2783,0,44.7C/0.0C,3.36ms,0.86ms,0.36ms,14.28ms,2(DR0,0.35,0.26(W0.37),1.00,15.98/21.60,19.35,0,1.21,0,0,16:51:47.246,True,False,80,0,Quest-2,BeatSaber,PopStars-Medium,False,False,1.0
5,4,1478,525,63,0ms,0,0,25,0/1/1/19,1,0,0,FF,0/70/0,N/F/N,1555MHz,2783,0,44.7C/0.0C,3.35ms,0.71ms,0.32ms,15.11ms,2(DR0,0.35,0.26(W0.26),1.00,15.78/21.98,19.74,0,1.21,0,0,16:51:48.246,True,False,80,0,Quest-2,BeatSaber,PopStars-Medium,False,False,1.0
5,4,1478,525,70,0ms,0,0,6,0/1/0/6,1,0,0,FF,0/70/0,N/F/N,1353MHz,2783,0,44.7C/0.0C,3.36ms,0.35ms,0.32ms,14.23ms,2(DR0,0.35,0.23(W0.27),1.00,15.95/21.62,19.54,0,1.21,0,0,16:51:49.246,True,False,80,0,Quest-2,BeatSaber,PopStars-Medium,False,False,1.0
5,4,1478,525,68,0ms,0,0,14,3/1/0/8,1,0,0,FF,0/70/0,N/F/N,1353MHz,2783,0,44.7C/0.0C,3.35ms,0.84ms,0.36ms,14.49ms,2(DR0,0.36,0.25(W0.33),1.00,15.83/21.64,19.39,0,1.21,0,0,16:51:50.246,True,False,80,0,Quest-2,BeatSaber,PopStars-Medium,False,False,1.0
5,4,1478,525,63,0ms,0,0,10,0/0/1/10,1,0,0,FF,0/70/0,N/F/N,1353MHz,2783,0,44.7C/0.0C,3.36ms,0.62ms,0.32ms,14.56ms,2(DR0,0.34,0.31(W0.42),1.00,16.12/21.52,19.52,0,1.21,0,0,16:51:51.246,True,False,80,0,Quest-2,BeatSaber,PopStars-Medium,False,False,1.0
