CPU Level,GPU Level,CPU Frequency (MHz),GPU Frequency (MHz),FPS,Prd,Tear,Early,Stale,Stale2/5/10/max,VSnc,Lat,Fov,OC,TA,SP,Mem,Free,PLS,Temp,TW,App,GD,CPU&GPU,LCnt,GPU%,CPU%,DSF,CFL,ICFLp95,LD,SF,LP,DVFS,timestamp,device,app,app_details,type,is_wireless,repetition
4,5,1478,587,19,0ms,0,36,55,18/0/0/3,1,0,0,FF,0/70/0,N/F/N,2092MHz,7855,0,29.7C/0.0C,3.76ms,6.30ms,0.23ms,55.50ms,3(DR0,0.41,0.08(W0.14),1.00,18.55/24.27,22.21,1,1.21,0,0,16:11:36.045,clumsy-dropchance-0.025,Quest-Pro,BeatSaber,replay1.2,Quest-Pro,PopStars-Medium
4,5,1478,587,19,0ms,0,36,55,18/0/0/3,1,0,0,FF,0/70/0,N/F/N,2092MHz,7855,0,29.7C/0.0C,3.80ms,6.36ms,0.24ms,55.28ms,3(DR0,0.42,0.12(W0.22),1.00,18.55/24.27,22.21,1,1.21,0,0,16:11:37.045,clumsy-dropchance-0.025,Quest-Pro,BeatSaber,replay1.2,Quest-Pro,PopStars-Medium
4,5,1478,587,18,0ms,0,37,54,18/0/0/3,1,0,0,FF,0/70/0,N/F/N,2092MHz,7914,0,29.7C/0.0C,3.81ms,5.82ms,0.24ms,55.28ms,3(DR0,0.42,0.13(W0.14),1.00,19.01/23.53,22.18,1,1.21,0,0,16:11:38.052,clumsy-dropchance-0.025,Quest-Pro,BeatSaber,replay1.2,Quest-Pro,PopStars-Medium
4,5,1478,587,18,0ms,0,36,54,18/0/0/3,1,0,0,FF,0/70/0,N/F/N,2092MHz,7914,0,29.7C/0.0C,3.94ms,5.27ms,0.23ms,55.27ms,3(DR0,0.41,0.07(W0.14),1.00,18.68/22.98,21.82,1,1.21,0,0,16:11:39.045,clumsy-dropchance-0.025,Quest-Pro,BeatSaber,replay1.2,Quest-Pro,PopStars-Medium
4,5,1478,587,19,0ms,0,36,54,18/0/0/3,1,0,0,FF,0/70/0,N/F/N,2092MHz,7914,0,29.7C/0.0C,3.79ms,6.96ms,0.23ms,55.50ms,3(DR0,0.42,0.06(W0.14),1.00,18.54/22.29,21.48,1,1.21,0,0,16:11:40.045,clumsy-dropchance-0.025,Quest-Pro,BeatSaber,replay1.2,Quest-Pro,PopStars-Medium
4,5,1478,587,14,0ms,0,36,54,18/0/0/3,1,0,0,FF,0/70/0,N/F/N,1555MHz,7914,0,29.7C/0.0C,3.81ms,-13.94ms,0.23ms,59.32ms,3(DR0,0.46,0.15(W0.21),1.00,18.64/22.40,21.40,1,1.21,0,0,16:11:41.045,clumsy-dropchance-0.025,Quest-Pro,BeatSaber,replay1.2,Quest-Pro,PopStars-Medium
4,5,1478,587,52,0ms,0,10,67,6/0/0/3,1,0,0,FF,0/70/0,N/F/N,1555MHz,7914,0,29.7C/0.0C,3.83ms,-13.80ms,0.24ms,27.83ms,3(DR0,0.48,0.09(W0.18),1.00,19.09/24.62,23.67,1,1.21,0,0,16:11:42.045,clumsy-dropchance-0.025,Quest-Pro,BeatSaber,replay1.2,Quest-Pro,PopStars-Medium
4,5,1478,587,58,0ms,0,0,73,0/0/0/0,1,0,0,FF,0/70/0,N/F/N,2092MHz,7914,0,29.7C/0.0C,3.77ms,2.74ms,0.23ms,16.20ms,3(DR0,0.43,0.07(W0.22),1.00,19.51/24.12,22.79,1,1.21,0,0,16:11:43.045,clumsy-dropchance-0.025,Quest-Pro,BeatSaber,replay1.2,Quest-Pro,PopStars-Medium
4,5,1478,587,19,0ms,0,7,37,3/0/2/126,1,0,0,FF,0/70/0,N/F/N,2092MHz,7914,0,29.7C/0.0C,3.77ms,16.68ms,0.23ms,29.24ms,3(DR0,0.41,0.03(W0.10),1.00,19.46/24.38,22.58,1,1.21,0,0,16:11:44.045,clumsy-dropchance-0.025,Quest-Pro,BeatSaber,replay1.2,Quest-Pro,PopStars-Medium
4,5,1478,587,18,0ms,0,36,54,18/0/0/3,1,0,0,FF,0/70/0,N/F/N,1555MHz,7914,0,29.7C/0.0C,3.77ms,5.58ms,0.23ms,40.54ms,3(DR0,0.41,0.06(W0.19),1.00,18.78/23.50,22.05,1,1.21,0,0,16:11:45.045,clumsy-dropchance-0.025,Quest-Pro,BeatSaber,replay1.2,Quest-Pro,PopStars-Medium
4,5,1478,587,34,0ms,0,37,55,18/0/0/3,1,0,0,FF,0/70/0,N/F/N,2092MHz,7914,0,29.7C/0.0C,3.79ms,5.51ms,0.23ms,42.19ms,3(DR0,0.42,0.08(W0.14),1.00,18.70/24.00,21.82,1,1.21,0,0,16:11:46.046,clumsy-dropchance-0.025,Quest-Pro,BeatSaber,replay1.2,Quest-Pro,PopStars-Medium
4,5,1478,587,34,0ms,0,28,40,13/0/0/3,1,0,0,FF,0/70/0,N/F/N,1555MHz,7914,0,29.7C/0.0C,3.81ms,13.19ms,0.23ms,42.19ms,3(DR0,0.41,0.11(W0.18),1.00,18.73/23.39,21.79,1,1.21,0,0,16:11:47.046,clumsy-dropchance-0.025,Quest-Pro,BeatSaber,replay1.2,Quest-Pro,PopStars-Medium
4,5,1478,587,19,0ms,0,36,54,19/0/0/3,1,0,0,FF,0/70/0,N/F/N,2092MHz,7914,0,29.7C/0.0C,3.83ms,6.37ms,0.23ms,42.19ms,3(DR0,0.41,0.05(W0.10),1.00,18.51/23.40,21.80,1,1.21,0,0,16:11:48.046,clumsy-dropchance-0.025,Quest-Pro,BeatSaber,replay1.2,Quest-Pro,PopStars-Medium
4,5,1478,587,26,0ms,0,33,48,16/0/0/3,1,0,0,FF,0/70/0,N/F/N,2092MHz,7914,0,29.7C/0.0C,3.81ms,10.59ms,0.23ms,42.40ms,3(DR0,0.42,0.15(W0.22),1.00,18.60/23.41,21.70,1,1.21,0,0,16:11:49.046,clumsy-dropchance-0.025,Quest-Pro,BeatSaber,replay1.2,Quest-Pro,PopStars-Medium
4,5,1478,587,19,0ms,0,36,55,18/0/0/3,1,0,0,FF,0/70/0,N/F/N,1555MHz,7914,0,29.7C/0.0C,3.81ms,6.40ms,0.23ms,48.69ms,3(DR0,0.41,0.08(W0.10),1.00,18.69/23.78,21.65,1,1.21,0,0,16:11:50.046,clumsy-dropchance-0.025,Quest-Pro,BeatSaber,replay1.2,Quest-Pro,PopStars-Medium
4,5,1478,587,19,0ms,0,37,55,18/0/0/3,1,0,0,FF,0/70/0,N/F/N,2092MHz,7914,0,29.7C/0.0C,3.80ms,6.56ms,0.23ms,48.69ms,3(DR0,0.41,0.02(W0.05),1.00,18.28/23.49,21.71,1,1.21,0,0,16:11:51.046,clumsy-dropchance-0.025,Quest-Pro,BeatSaber,replay1.2,Quest-Pro,PopStars-Medium
4,5,1478,587,19,0ms,0,37,55,18/0/0/3,1,0,0,FF,0/70/0,N/F/N,2092MHz,7914,0,29.7C/0.0C,3.80ms,-7.40ms,0.23ms,55.49ms,3(DR0,0.45,0.04(W0.06),1.00,18.40/23.49,21.73,1,1.21,0,0,16:11:52.046,clumsy-dropchance-0.025,Quest-Pro,BeatSaber,replay1.2,Quest-Pro,PopStars-Medium
4,5,1478,587,42,0ms,0,23,33,12/0/0/3,1,0,0,FF,0/70/0,N/F/N,2092MHz,7914,0,29.7C/0.0C,3.80ms,15.08ms,0.23ms,35.02ms,3(DR0,0.43,0.06(W0.14),1.00,18.48/24.13,21.84,1,1.21,0,0,16:11:53.046,clumsy-dropchance-0.025,Quest-Pro,BeatSaber,replay1.2,Quest-Pro,PopStars-Medium
4,5,1478,587,19,0ms,0,36,54,17/0/0/3,1,0,0,FF,0/70/0,N/F/N,1555MHz,7914,0,29.7C/0.0C,3.81ms,6.43ms,0.23ms,35.01ms,3(DR0,0.41,0.08(W0.14),1.00,18.84/24.10,22.25,1,1.21,0,0,16:11:54.046,clumsy-dropchance-0.025,Quest-Pro,BeatSaber,replay1.2,Quest-Pro,PopStars-Medium
4,5,1478,587,19,0ms,0,33,54,19/0/0/3,1,0,0,FF,0/70/0,N/F/N,1555MHz,7914,0,29.7C/0.0C,3.81ms,6.56ms,0.23ms,39.41ms,3(DR0,0.41,0.05(W0.10),1.00,19.15/24.04,22.74,1,1.21,0,0,16:11:55.046,clumsy-dropchance-0.025,Quest-Pro,BeatSaber,replay1.2,Quest-Pro,PopStars-Medium
4,5,1478,587,18,0ms,0,36,54,18/0/0/3,1,0,0,FF,0/70/0,N/F/N,1555MHz,7914,0,29.7C/0.0C,3.86ms,5.72ms,0.23ms,51.13ms,3(DR0,0.42,0.09(W0.14),1.00,19.47/24.37,23.03,1,1.21,0,0,16:11:56.046,clumsy-dropchance-0.025,Quest-Pro,BeatSaber,replay1.2,Quest-Pro,PopStars-Medium
4,5,1478,587,19,0ms,0,34,55,18/0/0/3,1,0,0,FF,0/70/0,N/F/N,1555MHz,7914,0,29.7C/0.0C,3.80ms,-6.72ms,0.23ms,55.44ms,3(DR0,0.44,0.03(W0.05),1.00,19.59/26.64,26.35,1,1.21,0,0,16:11:57.046,clumsy-dropchance-0.025,Quest-Pro,BeatSaber,replay1.2,Quest-Pro,PopStars-Medium
4,5,1478,587,38,0ms,0,15,57,7/0/0/3,1,0,0,FF,0/70/0,N/F/N,1804MHz,7910,0,29.7C/0.0C,3.96ms,-1.73ms,0.23ms,39.50ms,3(DR0,0.45,0.09(W0.18),1.00,20.63/25.35,24.37,1,1.21,0,0,16:11:58.054,clumsy-dropchance-0.025,Quest-Pro,BeatSaber,replay1.2,Quest-Pro,PopStars-Medium
4,5,1478,587,51,0ms,0,0,70,1/0/1/104,1,0,0,FF,0/70/0,N/F/N,2092MHz,7910,0,29.7C/0.0C,3.81ms,16.17ms,0.23ms,23.37ms,3(DR0,0.41,0.10(W0.14),1.00,20.04/23.88,22.77,1,1.21,0,0,16:11:59.046,clumsy-dropchance-0.025,Quest-Pro,BeatSaber,replay1.2,Quest-Pro,PopStars-Medium
4,5,1478,587,18,0ms,0,34,53,17/0/0/3,1,0,0,FF,0/70/0,N/F/N,1555MHz,7910,0,29.7C/0.0C,3.79ms,5.60ms,0.23ms,30.05ms,3(DR0,0.40,0.02(W0.05),1.00,19.34/23.24,22.11,1,1.21,0,0,16:12:00.046,clumsy-dropchance-0.025,Quest-Pro,BeatSaber,replay1.2,Quest-Pro,PopStars-Medium
4,5,1478,587,18,0ms,0,37,55,18/0/0/3,1,0,0,FF,0/70/0,N/F/N,1804MHz,7910,0,29.7C/0.0C,3.40ms,5.45ms,0.23ms,42.49ms,3(DR0,0.38,0.08(W0.14),1.00,18.88/23.70,22.11,1,1.21,0,0,16:12:01.046,clumsy-dropchance-0.025,Quest-Pro,BeatSaber,replay1.2,Quest-Pro,PopStars-Medium
4,5,1478,587,19,0ms,0,33,54,18/0/0/3,1,0,0,FF,0/70/0,N/F/N,1804MHz,7910,0,29.7C/0.0C,3.40ms,6.38ms,0.23ms,54.19ms,3(DR0,0.38,0.06(W0.10),1.00,19.14/23.59,22.45,1,1.21,0,0,16:12:02.047,clumsy-dropchance-0.025,Quest-Pro,BeatSaber,replay1.2,Quest-Pro,PopStars-Medium
4,5,1478,587,18,0ms,0,36,54,18/0/0/3,1,0,0,FF,0/70/0,N/F/N,1804MHz,7910,0,29.7C/0.0C,3.40ms,5.58ms,0.23ms,55.49ms,3(DR0,0.38,0.11(W0.14),1.00,19.22/23.07,22.08,1,1.21,0,0,16:12:03.047,clumsy-dropchance-0.025,Quest-Pro,BeatSaber,replay1.2,Quest-Pro,PopStars-Medium
4,5,1478,587,18,0ms,0,36,54,18/0/0/3,1,0,0,FF,0/70/0,N/F/N,1804MHz,7910,0,29.7C/0.0C,3.42ms,5.58ms,0.23ms,55.49ms,3(DR0,0.38,0.09(W0.17),1.00,18.44/22.31,21.52,1,1.21,0,0,16:12:04.047,clumsy-dropchance-0.025,Quest-Pro,BeatSaber,replay1.2,Quest-Pro,PopStars-Medium
4,5,1478,587,19,0ms,0,36,54,18/0/0/3,1,0,0,FF,0/70/0,N/F/N,1804MHz,7910,0,29.7C/0.0C,3.43ms,6.39ms,0.23ms,55.51ms,3(DR0,0.40,0.03(W0.05),1.00,18.38/22.45,21.04,1,1.21,0,0,16:12:05.047,clumsy-dropchance-0.025,Quest-Pro,BeatSaber,replay1.2,Quest-Pro,PopStars-Medium
4,5,1478,587,19,0ms,0,36,54,18/0/0/3,1,0,0,FF,0/70/0,N/F/N,1804MHz,7910,0,29.7C/0.0C,3.58ms,6.49ms,0.23ms,55.51ms,3(DR0,0.40,0.09(W0.13),1.00,18.38/22.01,20.96,1,1.21,0,0,16:12:06.047,clumsy-dropchance-0.025,Quest-Pro,BeatSaber,replay1.2,Quest-Pro,PopStars-Medium
4,5,1478,587,35,0ms,0,34,49,17/0/0/3,1,0,0,FF,0/70/0,N/F/N,1804MHz,7910,0,29.7C/0.0C,3.72ms,13.35ms,0.23ms,40.65ms,3(DR0,0.41,0.13(W0.18),1.00,18.06/22.35,20.95,1,1.21,0,0,16:12:07.047,clumsy-dropchance-0.025,Quest-Pro,BeatSaber,replay1.2,Quest-Pro,PopStars-Medium
4,5,1478,587,19,0ms,0,30,45,14/0/0/3,1,0,0,FF,0/70/0,N/F/N,1804MHz,7910,0,29.7C/0.0C,3.66ms,6.07ms,0.24ms,40.41ms,3(DR0,0.40,0.05(W0.10),1.00,18.65/22.54,21.21,1,1.21,0,0,16:12:08.047,clumsy-dropchance-0.025,Quest-Pro,BeatSaber,replay1.2,Quest-Pro,PopStars-Medium
4,5,1478,587,20,0ms,0,33,49,17/0/0/3,1,0,0,FF,0/70/0,N/F/N,1804MHz,7910,0,29.7C/0.0C,3.36ms,-7.22ms,0.23ms,41.20ms,3(DR0,0.47,0.12(W0.22),1.00,18.68/22.26,21.12,1,1.21,0,0,16:12:09.047,clumsy-dropchance-0.025,Quest-Pro,BeatSaber,replay1.2,Quest-Pro,PopStars-Medium
4,5,1478,587,41,0ms,0,0,62,0/0/1/63,1,0,0,FF,0/70/0,N/F/N,1804MHz,7910,0,29.7C/0.0C,3.72ms,14.58ms,0.23ms,31.67ms,3(DR0,0.41,0.05(W0.10),1.00,18.32/22.72,21.37,1,1.21,0,0,16:12:10.047,clumsy-dropchance-0.025,Quest-Pro,BeatSaber,replay1.2,Quest-Pro,PopStars-Medium
4,5,1478,587,41,0ms,0,36,55,17/0/0/4,1,0,0,FF,0/70/0,N/F/N,1555MHz,7910,0,29.7C/0.0C,3.70ms,3.73ms,0.23ms,27.39ms,3(DR0,0.42,0.14(W0.21),1.00,18.69/23.17,21.52,1,1.21,0,0,16:12:11.047,clumsy-dropchance-0.025,Quest-Pro,BeatSaber,replay1.2,Quest-Pro,PopStars-Medium
4,5,1478,587,41,0ms,0,22,32,11/0/0/3,1,0,0,FF,0/70/0,N/F/N,1804MHz,7910,0,29.5C/0.0C,3.67ms,3.68ms,0.23ms,27.39ms,3(DR0,0.39,0.06(W0.17),1.00,18.52/22.62,21.56,1,1.21,0,0,16:12:12.047,clumsy-dropchance-0.025,Quest-Pro,BeatSaber,replay1.2,Quest-Pro,PopStars-Medium
4,5,1478,587,18,0ms,0,10,62,5/0/0/3,1,0,0,FF,0/70/0,N/F/N,1804MHz,7910,0,29.5C/0.0C,3.73ms,-9.11ms,0.23ms,31.47ms,3(DR0,0.48,0.16(W0.25),1.00,18.68/23.07,21.30,1,1.21,0,0,16:12:13.047,clumsy-dropchance-0.025,Quest-Pro,BeatSaber,replay1.2,Quest-Pro,PopStars-Medium
4,5,1478,587,77,0ms,0,0,73,0/0/0/0,1,0,0,FF,0/70/0,N/N/N,1804MHz,7910,0,29.5C/0.0C,3.70ms,4.82ms,0.23ms,10.99ms,3(DR0,0.43,0.06(W0.10),1.00,18.67/22.52,21.16,1,1.21,0,0,16:12:14.047,clumsy-dropchance-0.025,Quest-Pro,BeatSaber,replay1.2,Quest-Pro,PopStars-Medium
4,5,1478,587,32,0ms,0,13,49,10/0/1/123,1,0,0,FF,0/70/0,N/F/N,1555MHz,7910,0,29.5C/0.0C,3.72ms,11.05ms,0.23ms,23.59ms,3(DR0,0.41,0.08(W0.14),1.00,18.49/22.68,21.51,1,1.21,0,0,16:12:15.047,clumsy-dropchance-0.025,Quest-Pro,BeatSaber,replay1.2,Quest-Pro,PopStars-Medium
4,5,1478,587,29,0ms,0,25,60,12/0/1/45,1,0,0,FF,0/70/0,N/F/N,1804MHz,7910,0,29.5C/0.0C,3.62ms,11.36ms,0.23ms,33.72ms,3(DR0,0.40,0.11(W0.23),1.00,18.66/22.54,21.37,1,1.21,0,0,16:12:16.047,clumsy-dropchance-0.025,Quest-Pro,BeatSaber,replay1.2,Quest-Pro,PopStars-Medium
4,5,1478,587,19,0ms,0,28,55,18/0/0/3,1,0,0,FF,0/70/0,N/F/N,1804MHz,7910,0,29.5C/0.0C,3.58ms,6.45ms,0.23ms,41.91ms,3(DR0,0.41,0.05(W0.05),1.00,18.85/24.49,24.38,1,1.21,0,0,16:12:17.048,clumsy-dropchance-0.025,Quest-Pro,BeatSaber,replay1.2,Quest-Pro,PopStars-Medium
4,5,1478,587,18,0ms,0,36,54,18/0/0/3,1,0,0,FF,0/70/0,N/F/N,1804MHz,7907,0,29.5C/0.0C,3.71ms,5.75ms,0.23ms,46.99ms,3(DR0,0.40,0.09(W0.18),1.00,19.71/24.15,23.02,1,1.21,0,0,16:12:18.057,clumsy-dropchance-0.025,Quest-Pro,BeatSaber,replay1.2,Quest-Pro,PopStars-Medium
4,5,1478,587,18,0ms,0,36,54,18/0/0/3,1,0,0,FF,0/70/0,N/F/N,1555MHz,7907,0,29.5C/0.0C,3.56ms,5.83ms,0.23ms,55.47ms,3(DR0,0.40,0.03(W0.05),1.00,19.09/23.78,22.30,1,1.21,0,0,16:12:19.048,clumsy-dropchance-0.025,Quest-Pro,BeatSaber,replay1.2,Quest-Pro,PopStars-Medium
4,5,1478,587,18,0ms,0,37,55,18/0/0/3,1,0,0,FF,0/70/0,N/F/N,1804MHz,7907,0,29.5C/0.0C,3.68ms,5.60ms,0.23ms,55.48ms,3(DR0,0.40,0.08(W0.10),1.00,18.90/23.50,21.75,1,1.21,0,0,16:12:20.048,clumsy-dropchance-0.025,Quest-Pro,BeatSaber,replay1.2,Quest-Pro,PopStars-Medium
4,5,1478,587,19,0ms,0,37,54,19/0/0/3,1,0,0,FF,0/70/0,N/F/N,1804MHz,7907,0,29.5C/0.0C,3.66ms,6.42ms,0.23ms,55.30ms,3(DR0,0.40,0.05(W0.05),1.00,18.56/24.29,21.82,1,1.21,0,0,16:12:21.048,clumsy-dropchance-0.025,Quest-Pro,BeatSaber,replay1.2,Quest-Pro,PopStars-Medium
4,5,1478,587,19,0ms,0,36,54,18/0/0/3,1,0,0,FF,0/70/0,N/F/N,1555MHz,7907,0,29.7C/0.0C,3.69ms,6.80ms,0.23ms,55.29ms,3(DR0,0.40,0.10(W0.14),1.00,18.70/23.67,21.89,1,1.21,0,0,16:12:22.048,clumsy-dropchance-0.025,Quest-Pro,BeatSaber,replay1.2,Quest-Pro,PopStars-Medium
4,5,1478,587,19,0ms,0,33,55,18/0/0/3,1,0,0,FF,0/70/0,N/F/N,1804MHz,7907,0,29.7C/0.0C,3.66ms,6.37ms,0.23ms,55.26ms,3(DR0,0.40,0.08(W0.10),1.00,18.71/23.36,22.18,1,1.21,0,0,16:12:23.048,clumsy-dropchance-0.025,Quest-Pro,BeatSaber,replay1.2,Quest-Pro,PopStars-Medium
4,5,1478,587,18,0ms,0,36,54,18/0/0/3,1,0,0,FF,0/70/0,N/F/N,1804MHz,7907,0,29.7C/0.0C,3.58ms,5.77ms,0.23ms,55.48ms,3(DR0,0.40,0.10(W0.14),1.00,19.54/23.57,22.48,1,1.21,0,0,16:12:24.048,clumsy-dropchance-0.025,Quest-Pro,BeatSaber,replay1.2,Quest-Pro,PopStars-Medium
4,5,1478,587,18,0ms,0,36,54,18/0/0/3,1,0,0,FF,0/70/0,N/F/N,1804MHz,7907,0,29.7C/0.0C,3.69ms,5.55ms,0.23ms,55.48ms,3(DR0,0.40,0.06(W0.14),1.00,18.94/23.46,22.00,1,1.21,0,0,16:12:25.048,clumsy-dropchance-0.025,Quest-Pro,BeatSaber,replay1.2,Quest-Pro,PopStars-Medium
4,5,1478,587,18,0ms,0,36,54,18/0/0/3,1,0,0,FF,0/70/0,N/F/N,1804MHz,7907,0,29.7C/0.0C,3.72ms,5.66ms,0.23ms,55.49ms,3(DR0,0.41,0.07(W0.10),1.00,18.66/22.90,21.37,1,1.21,0,0,16:12:26.048,clumsy-dropchance-0.025,Quest-Pro,BeatSaber,replay1.2,Quest-Pro,PopStars-Medium
4,5,1478,587,19,0ms,0,36,54,18/0/0/3,1,0,0,FF,0/70/0,N/F/N,1804MHz,7907,0,29.7C/0.0C,3.72ms,6.84ms,0.23ms,55.51ms,3(DR0,0.40,0.05(W0.05),1.00,18.52/22.38,21.30,1,1.21,0,0,16:12:27.048,clumsy-dropchance-0.025,Quest-Pro,BeatSaber,replay1.2,Quest-Pro,PopStars-Medium
4,5,1478,587,19,0ms,0,37,55,18/0/0/3,1,0,0,FF,0/70/0,N/F/N,1804MHz,7907,0,29.7C/0.0C,3.56ms,6.71ms,0.23ms,55.50ms,3(DR0,0.40,0.05(W0.10),1.00,18.68/22.18,21.25,1,1.21,0,0,16:12:28.048,clumsy-dropchance-0.025,Quest-Pro,BeatSaber,replay1.2,Quest-Pro,PopStars-Medium
4,5,1478,587,19,0ms,0,37,55,18/0/0/3,1,0,0,FF,0/70/0,N/F/N,1804MHz,7907,0,29.7C/0.0C,3.67ms,6.43ms,0.23ms,55.49ms,3(DR0,0.40,0.06(W0.14),1.00,18.68/22.74,21.58,1,1.21,0,0,16:12:29.048,clumsy-dropchance-0.025,Quest-Pro,BeatSaber,replay1.2,Quest-Pro,PopStars-Medium
4,5,1478,587,19,0ms,0,36,54,19/0/0/3,1,0,0,FF,0/70/0,N/F/N,1555MHz,7907,0,29.7C/0.0C,3.67ms,6.47ms,0.23ms,55.49ms,3(DR0,0.40,0.08(W0.14),1.00,18.55/23.28,21.51,1,1.21,0,0,16:12:30.048,clumsy-dropchance-0.025,Quest-Pro,BeatSaber,replay1.2,Quest-Pro,PopStars-Medium
4,5,1478,587,19,0ms,0,36,55,18/0/0/3,1,0,0,FF,0/70/0,N/F/N,1555MHz,7907,0,29.7C/0.0C,3.69ms,6.41ms,0.23ms,55.46ms,3(DR0,0.41,0.09(W0.14),1.00,18.33/23.74,21.89,1,1.21,0,0,16:12:31.049,clumsy-dropchance-0.025,Quest-Pro,BeatSaber,replay1.2,Quest-Pro,PopStars-Medium
4,5,1478,587,18,0ms,0,34,55,18/0/0/3,1,0,0,FF,0/70/0,N/F/N,1555MHz,7907,0,29.5C/0.0C,3.63ms,5.47ms,0.23ms,55.47ms,3(DR0,0.40,0.08(W0.10),1.00,18.56/25.46,23.85,1,1.21,0,0,16:12:32.049,clumsy-dropchance-0.025,Quest-Pro,BeatSaber,replay1.2,Quest-Pro,PopStars-Medium
4,5,1478,587,38,0ms,0,37,53,19/0/0/3,1,0,0,FF,0/70/0,N/F/N,1555MHz,7907,0,29.5C/0.0C,3.67ms,-1.68ms,0.23ms,37.49ms,3(DR0,0.45,0.12(W0.21),1.00,19.76/24.96,22.77,1,1.21,0,0,16:12:33.049,clumsy-dropchance-0.025,Quest-Pro,BeatSaber,replay1.2,Quest-Pro,PopStars-Medium
4,5,1478,587,53,0ms,0,4,29,2/0/1/25,1,0,0,FF,0/70/0,N/F/N,1555MHz,7907,0,29.5C/0.0C,3.64ms,3.18ms,0.24ms,16.84ms,3(DR0,0.42,0.05(W0.14),1.00,19.36/23.59,22.25,1,1.21,0,0,16:12:34.049,clumsy-dropchance-0.025,Quest-Pro,BeatSaber,replay1.2,Quest-Pro,PopStars-Medium
4,5,1478,587,40,0ms,0,23,28,11/0/0/3,1,0,0,FF,0/70/0,N/F/N,1804MHz,7907,0,29.5C/0.0C,3.69ms,14.97ms,0.23ms,24.58ms,3(DR0,0.41,0.06(W0.10),1.00,18.86/22.51,21.68,1,1.21,0,0,16:12:35.049,clumsy-dropchance-0.025,Quest-Pro,BeatSaber,replay1.2,Quest-Pro,PopStars-Medium
4,5,1478,587,19,0ms,0,39,53,19/0/0/3,1,0,0,FF,0/70/0,N/F/N,1804MHz,7907,0,29.5C/0.0C,3.67ms,6.30ms,0.23ms,34.51ms,3(DR0,0.41,0.02(W0.05),1.00,19.10/22.67,21.70,1,1.21,0,0,16:12:36.049,clumsy-dropchance-0.025,Quest-Pro,BeatSaber,replay1.2,Quest-Pro,PopStars-Medium
4,5,1478,587,18,0ms,0,37,55,18/0/0/3,1,0,0,FF,0/70/0,N/F/N,1804MHz,7907,0,29.5C/0.0C,3.73ms,6.49ms,0.23ms,44.79ms,3(DR0,0.40,0.12(W0.18),1.00,18.64/22.42,21.42,1,1.21,0,0,16:12:37.049,clumsy-dropchance-0.025,Quest-Pro,BeatSaber,replay1.2,Quest-Pro,PopStars-Medium
4,5,1478,587,19,0ms,0,36,54,18/0/0/3,1,0,0,FF,0/70/0,N/F/N,1804MHz,7900,0,29.5C/0.0C,3.72ms,5.53ms,0.23ms,54.63ms,3(DR0,0.40,0.02(W0.05),1.00,18.44/22.30,21.26,1,1.21,0,0,16:12:38.056,clumsy-dropchance-0.025,Quest-Pro,BeatSaber,replay1.2,Quest-Pro,PopStars-Medium
4,5,1478,587,19,0ms,0,36,54,18/0/0/3,1,0,0,FF,0/70/0,N/F/N,1555MHz,7900,0,29.5C/0.0C,3.68ms,6.60ms,0.23ms,54.63ms,3(DR0,0.40,0.08(W0.14),1.00,18.31/23.03,21.36,1,1.21,0,0,16:12:39.049,clumsy-dropchance-0.025,Quest-Pro,BeatSaber,replay1.2,Quest-Pro,PopStars-Medium
4,5,1478,587,19,0ms,0,36,54,19/0/0/3,1,0,0,FF,0/70/0,N/F/N,1555MHz,7900,0,29.5C/0.0C,3.57ms,6.38ms,0.23ms,55.50ms,3(DR0,0.40,0.05(W0.10),1.00,18.45/22.46,21.12,1,1.21,0,0,16:12:40.049,clumsy-dropchance-0.025,Quest-Pro,BeatSaber,replay1.2,Quest-Pro,PopStars-Medium
4,5,1478,587,19,0ms,0,36,55,18/0/0/3,1,0,0,FF,0/70/0,N/F/N,1555MHz,7900,0,29.5C/0.0C,3.71ms,6.56ms,0.23ms,55.49ms,3(DR0,0.40,0.00(W0.00),1.00,18.55/23.54,21.73,1,1.21,0,0,16:12:41.049,clumsy-dropchance-0.025,Quest-Pro,BeatSaber,replay1.2,Quest-Pro,PopStars-Medium
4,5,1478,587,19,0ms,0,36,54,18/0/0/3,1,0,0,FF,0/70/0,N/F/N,1555MHz,7900,0,29.5C/0.0C,3.70ms,6.64ms,0.23ms,55.49ms,3(DR0,0.40,0.10(W0.14),1.00,18.71/23.96,21.61,1,1.21,0,0,16:12:42.049,clumsy-dropchance-0.025,Quest-Pro,BeatSaber,replay1.2,Quest-Pro,PopStars-Medium
4,5,1478,587,19,0ms,0,34,55,18/0/0/3,1,0,0,FF,0/70/0,N/F/N,1555MHz,7900,0,29.5C/0.0C,3.64ms,-8.98ms,0.23ms,55.49ms,3(DR0,0.43,0.08(W0.10),1.00,18.54/23.80,22.50,1,1.21,0,0,16:12:43.049,clumsy-dropchance-0.025,Quest-Pro,BeatSaber,replay1.2,Quest-Pro,PopStars-Medium
4,5,1478,587,45,0ms,0,7,44,8/0/1/27,1,0,0,FF,0/70/0,N/F/N,1555MHz,7900,0,29.5C/0.0C,3.70ms,1.11ms,0.23ms,32.20ms,3(DR0,0.46,0.11(W0.18),1.00,19.92/24.15,23.05,1,1.21,0,0,16:12:44.049,clumsy-dropchance-0.025,Quest-Pro,BeatSaber,replay1.2,Quest-Pro,PopStars-Medium
4,5,1478,587,55,0ms,0,21,50,10/0/1/17,1,0,0,FF,0/70/0,N/F/N,1555MHz,7900,0,29.5C/0.0C,3.69ms,16.11ms,0.23ms,16.45ms,3(DR0,0.40,0.20(W0.26),1.00,19.59/23.25,22.31,1,1.21,0,0,16:12:45.050,clumsy-dropchance-0.025,Quest-Pro,BeatSaber,replay1.2,Quest-Pro,PopStars-Medium
4,5,1478,587,18,0ms,0,36,54,18/0/0/3,1,0,0,FF,0/70/0,N/F/N,1555MHz,7900,0,29.5C/0.0C,3.71ms,5.83ms,0.23ms,27.76ms,3(DR0,0.41,0.05(W0.14),1.00,18.95/23.21,22.02,1,1.21,0,0,16:12:46.050,clumsy-dropchance-0.025,Quest-Pro,BeatSaber,replay1.2,Quest-Pro,PopStars-Medium
4,5,1478,587,19,0ms,0,34,55,18/0/0/3,1,0,0,FF,0/70/0,N/F/N,1555MHz,7900,0,29.5C/0.0C,3.66ms,6.44ms,0.23ms,38.84ms,3(DR0,0.40,0.10(W0.14),1.00,19.26/23.70,22.52,1,1.21,0,0,16:12:47.050,clumsy-dropchance-0.025,Quest-Pro,BeatSaber,replay1.2,Quest-Pro,PopStars-Medium
4,5,1478,587,18,0ms,0,36,54,18/0/0/3,1,0,0,FF,0/70/0,N/F/N,1555MHz,7900,0,29.5C/0.0C,3.67ms,-7.93ms,0.23ms,51.74ms,3(DR0,0.39,0.09(W0.17),1.00,19.33/23.08,22.09,1,1.21,0,0,16:12:48.050,clumsy-dropchance-0.025,Quest-Pro,BeatSaber,replay1.2,Quest-Pro,PopStars-Medium
4,5,1478,587,30,0ms,0,8,68,5/0/0/3,1,0,0,FF,0/70/0,N/F/N,2092MHz,7900,0,29.7C/0.0C,3.66ms,2.74ms,0.23ms,44.97ms,3(DR0,0.40,0.05(W0.10),1.00,19.66/25.13,23.80,1,1.21,0,0,16:12:49.050,clumsy-dropchance-0.025,Quest-Pro,BeatSaber,replay1.2,Quest-Pro,PopStars-Medium
4,5,1478,587,53,0ms,0,0,72,0/0/0/0,1,0,0,FF,0/70/0,N/F/N,2092MHz,7900,0,29.7C/0.0C,3.74ms,8.79ms,0.24ms,21.79ms,3(DR0,0.42,0.07(W0.10),1.00,19.69/24.11,22.56,1,1.21,0,0,16:12:50.050,clumsy-dropchance-0.025,Quest-Pro,BeatSaber,replay1.2,Quest-Pro,PopStars-Medium
4,5,1478,587,38,0ms,0,28,56,16/0/1/135,1,0,0,FF,0/70/0,N/F/N,2092MHz,7900,0,29.7C/0.0C,3.70ms,13.99ms,0.24ms,20.27ms,3(DR0,0.41,0.02(W0.05),1.00,19.65/23.49,22.37,1,1.21,0,0,16:12:51.050,clumsy-dropchance-0.025,Quest-Pro,BeatSaber,replay1.2,Quest-Pro,PopStars-Medium
4,5,1478,587,18,0ms,0,36,54,18/0/0/3,1,0,0,FF,0/70/0,N/F/N,2092MHz,7900,0,29.7C/0.0C,3.66ms,5.35ms,0.23ms,32.36ms,3(DR0,0.40,0.10(W0.14),1.00,18.89/23.44,21.87,1,1.21,0,0,16:12:52.050,clumsy-dropchance-0.025,Quest-Pro,BeatSaber,replay1.2,Quest-Pro,PopStars-Medium
4,5,1478,587,18,0ms,0,36,54,18/0/0/3,1,0,0,FF,0/70/0,N/F/N,2092MHz,7900,0,29.7C/0.0C,3.70ms,5.86ms,0.24ms,45.27ms,3(DR0,0.41,0.07(W0.10),1.00,18.86/22.45,21.55,1,1.21,0,0,16:12:53.050,clumsy-dropchance-0.025,Quest-Pro,BeatSaber,replay1.2,Quest-Pro,PopStars-Medium
4,5,1478,587,19,0ms,0,32,55,18/0/0/3,1,0,0,FF,0/70/0,N/F/N,2092MHz,7900,0,29.7C/0.0C,3.70ms,6.31ms,0.23ms,55.47ms,3(DR0,0.41,0.13(W0.22),1.00,18.60/24.81,23.78,1,1.21,0,0,16:12:54.050,clumsy-dropchance-0.025,Quest-Pro,BeatSaber,replay1.2,Quest-Pro,PopStars-Medium
4,5,1478,587,18,0ms,0,36,54,18/0/0/3,1,0,0,FF,0/70/0,N/F/N,1555MHz,7900,0,29.7C/0.0C,3.69ms,5.93ms,0.24ms,55.48ms,3(DR0,0.41,0.09(W0.14),1.00,19.79/24.13,22.80,1,1.21,0,0,16:12:55.050,clumsy-dropchance-0.025,Quest-Pro,BeatSaber,replay1.2,Quest-Pro,PopStars-Medium
4,5,1478,587,19,0ms,0,35,49,17/0/0/3,1,0,0,FF,0/70/0,N/F/N,1555MHz,7900,0,29.7C/0.0C,3.71ms,-6.72ms,0.23ms,55.26ms,3(DR0,0.44,0.07(W0.10),1.00,19.25/23.71,21.93,1,1.21,0,0,16:12:56.050,clumsy-dropchance-0.025,Quest-Pro,BeatSaber,replay1.2,Quest-Pro,PopStars-Medium
4,5,1478,587,44,0ms,0,22,34,11/0/0/3,1,0,0,FF,0/70/0,N/F/N,1555MHz,7900,0,29.7C/0.0C,3.69ms,14.93ms,0.23ms,31.71ms,3(DR0,0.40,0.03(W0.10),1.00,19.13/23.85,22.29,1,1.21,0,0,16:12:57.050,clumsy-dropchance-0.025,Quest-Pro,BeatSaber,replay1.2,Quest-Pro,PopStars-Medium
4,5,1478,587,24,0ms,0,35,50,16/0/0/3,1,0,0,FF,0/70/0,N/F/N,1555MHz,7902,0,29.7C/0.0C,3.70ms,-6.46ms,0.23ms,30.27ms,3(DR0,0.46,0.05(W0.05),1.00,18.88/23.13,21.80,1,1.21,0,0,16:12:58.058,clumsy-dropchance-0.025,Quest-Pro,BeatSaber,replay1.2,Quest-Pro,PopStars-Medium
4,5,1478,587,42,0ms,0,20,45,10/0/1/16,1,0,0,FF,0/70/0,N/F/N,1555MHz,7902,0,29.7C/0.0C,3.56ms,1.13ms,0.23ms,29.36ms,3(DR0,0.44,0.05(W0.10),1.00,18.56/22.45,21.55,1,1.21,0,0,16:12:59.051,clumsy-dropchance-0.025,Quest-Pro,BeatSaber,replay1.2,Quest-Pro,PopStars-Medium
4,5,1478,587,37,0ms,0,26,37,13/0/0/3,1,0,0,FF,0/70/0,N/F/N,1555MHz,7902,0,29.7C/0.0C,3.73ms,13.72ms,0.23ms,26.29ms,3(DR0,0.40,0.07(W0.10),1.00,18.52/22.44,21.44,1,1.21,0,0,16:13:00.051,clumsy-dropchance-0.025,Quest-Pro,BeatSaber,replay1.2,Quest-Pro,PopStars-Medium
4,5,1478,587,19,0ms,0,36,55,18/0/0/3,1,0,0,FF,0/70/0,N/F/N,1555MHz,7902,0,29.7C/0.0C,3.49ms,6.46ms,0.23ms,39.13ms,3(DR0,0.40,0.14(W0.18),1.00,18.67/22.29,21.47,1,1.21,0,0,16:13:01.051,clumsy-dropchance-0.025,Quest-Pro,BeatSaber,replay1.2,Quest-Pro,PopStars-Medium
4,5,1478,587,19,0ms,0,37,55,18/0/0/3,1,0,0,FF,0/70/0,N/F/N,2092MHz,7902,0,29.7C/0.0C,3.76ms,6.47ms,0.23ms,44.00ms,3(DR0,0.40,0.16(W0.26),1.00,18.64/23.08,21.56,1,1.21,0,0,16:13:02.051,clumsy-dropchance-0.025,Quest-Pro,BeatSaber,replay1.2,Quest-Pro,PopStars-Medium
4,5,1478,587,19,0ms,0,37,55,18/0/0/3,1,0,0,FF,0/70/0,N/F/N,2092MHz,7902,0,29.7C/0.0C,3.67ms,6.17ms,0.23ms,55.49ms,3(DR0,0.40,0.14(W0.22),1.00,18.53/23.70,21.83,1,1.21,0,0,16:13:03.051,clumsy-dropchance-0.025,Quest-Pro,BeatSaber,replay1.2,Quest-Pro,PopStars-Medium
4,5,1478,587,19,0ms,0,34,54,19/0/0/3,1,0,0,FF,0/70/0,N/F/N,2092MHz,7902,0,29.7C/0.0C,3.68ms,6.55ms,0.23ms,55.47ms,3(DR0,0.40,0.05(W0.05),1.00,19.15/24.18,22.74,1,1.21,0,0,16:13:04.051,clumsy-dropchance-0.025,Quest-Pro,BeatSaber,replay1.2,Quest-Pro,PopStars-Medium
4,5,1478,587,19,0ms,0,33,55,18/0/0/3,1,0,0,FF,0/70/0,N/F/N,2092MHz,7902,0,29.7C/0.0C,3.72ms,6.38ms,0.23ms,55.43ms,3(DR0,0.42,0.05(W0.14),1.00,19.64/26.38,25.29,1,1.21,0,0,16:13:05.051,clumsy-dropchance-0.025,Quest-Pro,BeatSaber,replay1.2,Quest-Pro,PopStars-Medium
4,5,1478,587,18,0ms,0,36,54,18/0/0/3,1,0,0,FF,0/70/0,N/F/N,2092MHz,7902,0,29.7C/0.0C,3.68ms,5.79ms,0.23ms,55.45ms,3(DR0,0.39,0.05(W0.05),1.00,20.97/26.25,24.77,1,1.21,0,0,16:13:06.051,clumsy-dropchance-0.025,Quest-Pro,BeatSaber,replay1.2,Quest-Pro,PopStars-Medium
4,5,1478,587,18,0ms,0,36,54,18/0/0/3,1,0,0,FF,0/70/0,N/F/N,2092MHz,7902,0,29.7C/0.0C,3.71ms,5.70ms,0.23ms,55.49ms,3(DR0,0.41,0.05(W0.05),1.00,19.87/24.55,22.98,1,1.21,0,0,16:13:07.051,clumsy-dropchance-0.025,Quest-Pro,BeatSaber,replay1.2,Quest-Pro,PopStars-Medium
4,5,1478,587,19,0ms,0,29,55,18/0/0/3,1,0,0,FF,0/70/0,N/F/N,2092MHz,7902,0,29.7C/0.0C,3.72ms,6.62ms,0.23ms,55.48ms,3(DR0,0.41,0.07(W0.10),1.00,19.51/24.74,23.21,1,1.21,0,0,16:13:08.051,clumsy-dropchance-0.025,Quest-Pro,BeatSaber,replay1.2,Quest-Pro,PopStars-Medium
4,5,1478,587,19,0ms,0,29,55,18/0/0/3,1,0,0,FF,0/70/0,N/F/N,2092MHz,7902,0,29.7C/0.0C,3.70ms,6.69ms,0.23ms,55.48ms,3(DR0,0.39,0.05(W0.10),1.00,19.51/24.74,23.21,1,1.21,0,0,16:13:09.051,clumsy-dropchance-0.025,Quest-Pro,BeatSaber,replay1.2,Quest-Pro,PopStars-Medium
4,5,1478,587,19,0ms,0,0,72,0/0/0/0,1,0,0,FF,0/70/0,N/F/N,2092MHz,7902,0,29.7C/0.0C,3.73ms,-7.58ms,0.23ms,57.35ms,3(DR0,0.44,0.07(W0.10),1.00,19.29/22.98,22.08,1,1.21,0,0,16:13:10.051,clumsy-dropchance-0.025,Quest-Pro,BeatSaber,replay1.2,Quest-Pro,PopStars-Medium
4,5,1478,587,62,0ms,0,24,56,16/0/1/92,1,0,0,FF,0/70/0,N/F/N,1555MHz,7902,0,29.7C/0.0C,3.73ms,17.10ms,0.23ms,21.22ms,3(DR0,0.41,0.11(W0.14),1.00,18.97/23.03,21.84,1,1.21,0,0,16:13:11.051,clumsy-dropchance-0.025,Quest-Pro,BeatSaber,replay1.2,Quest-Pro,PopStars-Medium
4,5,1478,587,19,0ms,0,36,54,18/0/0/3,1,0,0,FF,0/70/0,N/F/N,1555MHz,7902,0,29.7C/0.0C,3.69ms,6.52ms,0.23ms,25.74ms,3(DR0,0.41,0.10(W0.21),1.00,18.49/23.47,21.72,1,1.21,0,0,16:13:12.051,clumsy-dropchance-0.025,Quest-Pro,BeatSaber,replay1.2,Quest-Pro,PopStars-Medium
4,5,1478,587,25,0ms,0,16,53,9/0/1/22,1,0,0,FF,0/70/0,N/F/N,1804MHz,7902,0,29.7C/0.0C,3.68ms,9.85ms,0.23ms,38.06ms,3(DR0,0.41,0.06(W0.18),1.00,18.83/25.29,24.18,1,1.21,0,0,16:13:13.051,clumsy-dropchance-0.025,Quest-Pro,BeatSaber,replay1.2,Quest-Pro,PopStars-Medium
4,5,1478,587,27,0ms,0,32,54,18/0/0/3,1,0,0,FF,0/70/0,N/F/N,1804MHz,7902,0,29.7C/0.0C,3.67ms,10.54ms,0.23ms,41.78ms,3(DR0,0.40,0.08(W0.14),1.00,20.72/26.27,24.12,1,1.21,0,0,16:13:14.052,clumsy-dropchance-0.025,Quest-Pro,BeatSaber,replay1.2,Quest-Pro,PopStars-Medium
4,5,1478,587,18,0ms,0,36,54,18/0/0/3,1,0,0,FF,0/70/0,N/F/N,1804MHz,7902,0,29.7C/0.0C,3.67ms,5.54ms,0.23ms,41.79ms,3(DR0,0.40,0.08(W0.10),1.00,19.85/24.40,23.00,1,1.21,0,0,16:13:15.052,clumsy-dropchance-0.025,Quest-Pro,BeatSaber,replay1.2,Quest-Pro,PopStars-Medium
4,5,1478,587,18,0ms,0,27,48,14/1/0/9,1,0,0,FF,0/70/0,N/F/N,1804MHz,7902,0,29.7C/0.0C,3.71ms,-7.78ms,0.23ms,47.01ms,3(DR0,0.44,0.10(W0.10),1.00,19.38/23.27,21.96,1,1.21,0,0,16:13:16.052,clumsy-dropchance-0.025,Quest-Pro,BeatSaber,replay1.2,Quest-Pro,PopStars-Medium
4,5,1478,587,44,0ms,0,28,42,13/0/0/3,1,0,0,FF,0/70/0,N/F/N,1804MHz,7902,0,29.7C/0.0C,3.71ms,15.06ms,0.23ms,32.21ms,3(DR0,0.41,0.14(W0.15),1.00,18.69/22.50,21.43,1,1.21,0,0,16:13:17.052,clumsy-dropchance-0.025,Quest-Pro,BeatSaber,replay1.2,Quest-Pro,PopStars-Medium
4,5,1478,587,18,0ms,0,36,54,18/0/0/3,1,0,0,FF,0/70/0,N/F/N,1804MHz,7898,0,29.7C/0.0C,3.69ms,5.95ms,0.23ms,31.83ms,3(DR0,0.41,0.11(W0.17),1.00,18.58/22.28,21.36,1,1.21,0,0,16:13:18.058,clumsy-dropchance-0.025,Quest-Pro,BeatSaber,replay1.2,Quest-Pro,PopStars-Medium
4,5,1478,587,18,0ms,0,36,54,19/0/0/3,1,0,0,FF,0/70/0,N/F/N,1804MHz,7898,0,29.7C/0.0C,3.69ms,5.52ms,0.23ms,38.80ms,3(DR0,0.41,0.10(W0.14),1.00,18.72/22.68,21.37,1,1.21,0,0,16:13:19.052,clumsy-dropchance-0.025,Quest-Pro,BeatSaber,replay1.2,Quest-Pro,PopStars-Medium
4,5,1478,587,19,0ms,0,33,55,18/0/0/3,1,0,0,FF,0/70/0,N/F/N,1804MHz,7898,0,29.7C/0.0C,3.68ms,6.27ms,0.23ms,51.65ms,3(DR0,0.41,0.08(W0.18),1.00,18.81/26.73,26.15,1,1.21,0,0,16:13:20.052,clumsy-dropchance-0.025,Quest-Pro,BeatSaber,replay1.2,Quest-Pro,PopStars-Medium
4,5,1478,587,18,0ms,0,36,54,18/0/0/3,1,0,0,FF,0/70/0,N/F/N,1804MHz,7898,0,29.7C/0.0C,3.67ms,-5.13ms,0.23ms,55.44ms,3(DR0,0.43,0.11(W0.14),1.00,20.71/25.23,23.81,1,1.21,0,0,16:13:21.052,clumsy-dropchance-0.025,Quest-Pro,BeatSaber,replay1.2,Quest-Pro,PopStars-Medium
4,5,1478,587,37,0ms,0,25,36,12/0/0/3,1,0,0,FF,0/70/0,N/F/N,1804MHz,7898,0,30.0C/0.0C,3.69ms,13.91ms,0.24ms,38.87ms,3(DR0,0.40,0.09(W0.15),1.00,19.33/24.01,22.25,1,1.21,0,0,16:13:22.052,clumsy-dropchance-0.025,Quest-Pro,BeatSaber,replay1.2,Quest-Pro,PopStars-Medium
4,5,1478,587,18,0ms,0,35,55,18/0/0/3,1,0,0,FF,0/70/0,N/F/N,1555MHz,7898,0,30.0C/0.0C,3.65ms,0.62ms,0.23ms,38.95ms,3(DR0,0.45,0.06(W0.14),1.00,19.20/23.63,22.04,1,1.21,0,0,16:13:23.052,clumsy-dropchance-0.025,Quest-Pro,BeatSaber,replay1.2,Quest-Pro,PopStars-Medium
4,5,1478,587,30,0ms,0,27,58,14/0/1/17,1,0,0,FF,0/70/0,N/F/N,1555MHz,7898,0,30.0C/0.0C,3.69ms,12.03ms,0.23ms,35.24ms,3(DR0,0.41,0.03(W0.05),1.00,19.71/23.87,22.36,1,1.21,0,0,16:13:24.052,clumsy-dropchance-0.025,Quest-Pro,BeatSaber,replay1.2,Quest-Pro,PopStars-Medium
4,5,1478,587,18,0ms,0,36,54,18/0/0/3,1,0,0,FF,0/70/0,N/F/N,2092MHz,7898,0,30.0C/0.0C,3.69ms,5.77ms,0.23ms,45.42ms,3(DR0,0.40,0.05(W0.10),1.00,19.35/23.34,22.21,1,1.21,0,0,16:13:25.052,clumsy-dropchance-0.025,Quest-Pro,BeatSaber,replay1.2,Quest-Pro,PopStars-Medium
4,5,1478,587,18,0ms,0,36,52,17/0/0/3,1,0,0,FF,0/70/0,N/F/N,2092MHz,7898,0,30.0C/0.0C,3.72ms,5.79ms,0.23ms,45.42ms,3(DR0,0.42,0.02(W0.05),1.00,19.04/22.48,21.62,1,1.21,0,0,16:13:26.052,clumsy-dropchance-0.025,Quest-Pro,BeatSaber,replay1.2,Quest-Pro,PopStars-Medium
4,5,1478,587,22,0ms,0,36,54,18/0/0/3,1,0,0,FF,0/70/0,N/F/N,2092MHz,7898,0,30.0C/0.0C,3.66ms,8.49ms,0.23ms,49.46ms,3(DR0,0.40,0.07(W0.10),1.00,18.57/22.95,21.51,1,1.21,0,0,16:13:27.052,clumsy-dropchance-0.025,Quest-Pro,BeatSaber,replay1.2,Quest-Pro,PopStars-Medium
4,5,1478,587,30,0ms,0,28,40,13/0/0/3,1,0,0,FF,0/70/0,N/F/N,2092MHz,7898,0,30.0C/0.0C,3.69ms,12.18ms,0.24ms,41.50ms,3(DR0,0.41,0.10(W0.21),1.00,18.69/22.37,21.21,1,1.21,0,0,16:13:28.052,clumsy-dropchance-0.025,Quest-Pro,BeatSaber,replay1.2,Quest-Pro,PopStars-Medium
4,5,1478,587,22,0ms,0,36,54,18/0/0/3,1,0,0,FF,0/70/0,N/F/N,2092MHz,7898,0,30.0C/0.0C,3.68ms,8.49ms,0.23ms,40.87ms,3(DR0,0.41,0.10(W0.14),1.00,18.44/21.84,21.05,1,1.21,0,0,16:13:29.053,clumsy-dropchance-0.025,Quest-Pro,BeatSaber,replay1.2,Quest-Pro,PopStars-Medium
4,5,1478,587,19,0ms,0,36,54,19/0/0/3,1,0,0,FF,0/70/0,N/F/N,2092MHz,7898,0,30.0C/0.0C,3.70ms,6.28ms,0.23ms,41.95ms,3(DR0,0.40,0.07(W0.17),1.00,18.79/22.32,21.22,1,1.21,0,0,16:13:30.053,clumsy-dropchance-0.025,Quest-Pro,BeatSaber,replay1.2,Quest-Pro,PopStars-Medium
4,5,1478,587,24,0ms,0,17,42,8/0/0/3,1,0,0,FF,0/70/0,N/F/N,2092MHz,7898,0,30.0C/0.0C,3.73ms,-5.62ms,0.23ms,47.90ms,3(DR0,0.45,0.09(W0.14),1.00,18.32/22.84,21.54,1,1.21,0,0,16:13:31.053,clumsy-dropchance-0.025,Quest-Pro,BeatSaber,replay1.2,Quest-Pro,PopStars-Medium
4,5,1478,587,59,0ms,0,12,65,5/0/1/66,1,0,0,FF,0/70/0,N/F/N,1555MHz,7898,0,30.0C/0.0C,3.72ms,16.88ms,0.23ms,15.44ms,3(DR0,0.41,0.14(W0.17),1.00,18.75/22.94,21.67,1,1.21,0,0,16:13:32.053,clumsy-dropchance-0.025,Quest-Pro,BeatSaber,replay1.2,Quest-Pro,PopStars-Medium
4,5,1478,587,23,0ms,0,37,55,18/0/0/3,1,0,0,FF,0/70/0,N/F/N,1555MHz,7898,0,30.0C/0.0C,3.68ms,9.27ms,0.23ms,23.00ms,3(DR0,0.41,0.05(W0.10),1.00,18.56/24.25,21.97,1,1.21,0,0,16:13:33.053,clumsy-dropchance-0.025,Quest-Pro,BeatSaber,replay1.2,Quest-Pro,PopStars-Medium
4,5,1478,587,18,0ms,0,36,54,18/0/0/3,1,0,0,FF,0/70/0,N/F/N,1555MHz,7898,0,30.0C/0.0C,3.68ms,5.50ms,0.23ms,35.41ms,3(DR0,0.41,0.06(W0.14),1.00,18.64/23.69,21.77,1,1.21,0,0,16:13:34.053,clumsy-dropchance-0.025,Quest-Pro,BeatSaber,replay1.2,Quest-Pro,PopStars-Medium
4,5,1478,587,19,0ms,0,36,54,18/0/0/3,1,0,0,FF,0/70/0,N/F/N,1555MHz,7898,0,29.7C/0.0C,3.69ms,6.67ms,0.23ms,48.60ms,3(DR0,0.41,0.12(W0.22),1.00,18.44/23.14,21.72,1,1.21,0,0,16:13:35.053,clumsy-dropchance-0.025,Quest-Pro,BeatSaber,replay1.2,Quest-Pro,PopStars-Medium
4,5,1478,587,19,0ms,0,36,54,18/0/0/3,1,0,0,FF,0/70/0,N/F/N,1555MHz,7898,0,29.7C/0.0C,3.70ms,0.97ms,0.23ms,55.50ms,3(DR0,0.44,0.10(W0.14),1.00,18.63/23.01,21.58,1,1.21,0,0,16:13:36.053,clumsy-dropchance-0.025,Quest-Pro,BeatSaber,replay1.2,Quest-Pro,PopStars-Medium
4,5,1478,587,42,0ms,0,22,34,12/0/0/3,1,0,0,FF,0/70/0,N/F/N,1555MHz,7898,0,29.7C/0.0C,3.71ms,14.71ms,0.23ms,34.71ms,3(DR0,0.41,0.13(W0.21),1.00,18.43/22.74,21.37,1,1.21,0,0,16:13:37.053,clumsy-dropchance-0.025,Quest-Pro,BeatSaber,replay1.2,Quest-Pro,PopStars-Medium
4,5,1478,587,19,0ms,0,37,55,17/0/0/4,1,0,0,FF,0/70/0,N/F/N,1804MHz,7912,0,29.7C/0.0C,3.76ms,4.07ms,0.23ms,34.71ms,3(DR0,0.41,0.11(W0.17),1.00,18.44/22.47,21.34,1,1.21,0,0,16:13:38.059,clumsy-dropchance-0.025,Quest-Pro,BeatSaber,replay1.2,Quest-Pro,PopStars-Medium
4,5,1478,587,19,0ms,0,36,54,18/0/0/3,1,0,0,FF,0/70/0,N/F/N,2092MHz,7912,0,29.7C/0.0C,3.70ms,6.80ms,0.23ms,40.23ms,3(DR0,0.41,0.10(W0.19),1.00,18.56/22.35,21.25,1,1.21,0,0,16:13:39.053,clumsy-dropchance-0.025,Quest-Pro,BeatSaber,replay1.2,Quest-Pro,PopStars-Medium
4,5,1478,587,19,0ms,0,36,54,19/0/0/3,1,0,0,FF,0/70/0,N/F/N,2092MHz,7912,0,29.7C/0.0C,3.70ms,6.41ms,0.24ms,52.96ms,3(DR0,0.41,0.18(W0.21),1.00,18.25/22.18,21.15,1,1.21,0,0,16:13:40.053,clumsy-dropchance-0.025,Quest-Pro,BeatSaber,replay1.2,Quest-Pro,PopStars-Medium
4,5,1478,587,28,0ms,0,23,54,11/0/0/3,1,0,0,FF,0/70/0,N/F/N,2092MHz,7912,0,29.7C/0.0C,3.70ms,-3.64ms,0.24ms,46.65ms,3(DR0,0.45,0.14(W0.27),1.00,18.83/23.28,21.41,1,1.21,0,0,16:13:41.053,clumsy-dropchance-0.025,Quest-Pro,BeatSaber,replay1.2,Quest-Pro,PopStars-Medium
4,5,1478,587,46,0ms,0,7,55,5/0/1/25,1,0,0,FF,0/70/0,N/F/N,2092MHz,7912,0,29.7C/0.0C,3.71ms,1.05ms,0.23ms,22.01ms,3(DR0,0.45,0.03(W0.05),1.00,18.84/22.46,21.52,1,1.21,0,0,16:13:42.053,clumsy-dropchance-0.025,Quest-Pro,BeatSaber,replay1.2,Quest-Pro,PopStars-Medium
4,5,1478,587,43,0ms,0,13,49,8/0/2/39,1,0,0,FF,0/70/0,N/F/N,2092MHz,7912,0,29.7C/0.0C,3.76ms,-1.15ms,0.24ms,23.23ms,3(DR0,0.43,0.13(W0.15),1.00,18.60/23.18,21.53,1,1.21,0,0,16:13:43.053,clumsy-dropchance-0.025,Quest-Pro,BeatSaber,replay1.2,Quest-Pro,PopStars-Medium
4,5,1478,587,33,0ms,0,37,55,18/0/0/3,1,0,0,FF,0/70/0,N/F/N,1555MHz,7912,0,29.7C/0.0C,3.63ms,12.85ms,0.23ms,28.86ms,3(DR0,0.40,0.03(W0.05),1.00,18.82/22.11,21.26,1,1.21,0,0,16:13:44.053,clumsy-dropchance-0.025,Quest-Pro,BeatSaber,replay1.2,Quest-Pro,PopStars-Medium
4,5,1478,587,19,0ms,0,36,54,18/0/0/3,1,0,0,FF,0/70/0,N/F/N,1555MHz,7912,0,29.7C/0.0C,3.70ms,6.63ms,0.23ms,37.98ms,3(DR0,0.41,0.08(W0.18),1.00,18.32/22.37,21.29,1,1.21,0,0,16:13:45.054,clumsy-dropchance-0.025,Quest-Pro,BeatSaber,replay1.2,Quest-Pro,PopStars-Medium
4,5,1478,587,19,0ms,0,37,55,18/0/0/3,1,0,0,FF,0/70/0,N/F/N,1555MHz,7912,0,29.7C/0.0C,3.68ms,6.51ms,0.23ms,47.89ms,3(DR0,0.41,0.07(W0.22),1.00,18.29/22.51,21.48,1,1.21,0,0,16:13:46.054,clumsy-dropchance-0.025,Quest-Pro,BeatSaber,replay1.2,Quest-Pro,PopStars-Medium
4,5,1478,587,27,0ms,0,15,53,8/0/0/3,1,0,0,FF,0/70/0,N/F/N,1555MHz,7912,0,29.7C/0.0C,3.68ms,-1.80ms,0.24ms,47.59ms,3(DR0,0.45,0.00(W0.00),1.00,18.61/23.18,21.77,1,1.21,0,0,16:13:47.054,clumsy-dropchance-0.025,Quest-Pro,BeatSaber,replay1.2,Quest-Pro,PopStars-Medium
4,5,1478,587,66,0ms,0,0,65,2/0/1/93,1,0,0,FF,0/70/0,N/F/N,1555MHz,7912,0,29.7C/0.0C,3.68ms,7.78ms,0.23ms,12.96ms,3(DR0,0.42,0.02(W0.05),1.00,18.56/24.03,21.85,1,1.21,0,0,16:13:48.054,clumsy-dropchance-0.025,Quest-Pro,BeatSaber,replay1.2,Quest-Pro,PopStars-Medium
4,5,1478,587,21,0ms,0,36,54,18/0/0/3,1,0,0,FF,0/70/0,N/F/N,1555MHz,7912,0,29.7C/0.0C,3.68ms,8.02ms,0.23ms,25.12ms,3(DR0,0.40,0.07(W0.10),1.00,18.38/23.46,21.78,1,1.21,0,0,16:13:49.054,clumsy-dropchance-0.025,Quest-Pro,BeatSaber,replay1.2,Quest-Pro,PopStars-Medium
4,5,1478,587,19,0ms,0,36,54,18/0/0/3,1,0,0,FF,0/70/0,N/F/N,1555MHz,7912,0,29.7C/0.0C,3.67ms,6.61ms,0.23ms,38.04ms,3(DR0,0.40,0.11(W0.14),1.00,18.64/22.91,21.56,1,1.21,0,0,16:13:50.054,clumsy-dropchance-0.025,Quest-Pro,BeatSaber,replay1.2,Quest-Pro,PopStars-Medium
4,5,1478,587,19,0ms,0,36,55,18/0/0/3,1,0,0,FF,0/70/0,N/F/N,1555MHz,7912,0,29.7C/0.0C,3.70ms,6.61ms,0.23ms,50.54ms,3(DR0,0.40,0.09(W0.17),1.00,18.64/23.11,21.58,1,1.21,0,0,16:13:51.054,clumsy-dropchance-0.025,Quest-Pro,BeatSaber,replay1.2,Quest-Pro,PopStars-Medium
4,5,1478,587,19,0ms,0,34,55,18/0/0/3,1,0,0,FF,0/70/0,N/F/N,1555MHz,7912,0,29.7C/0.0C,3.74ms,6.42ms,0.23ms,55.45ms,3(DR0,0.41,0.14(W0.18),1.00,18.97/26.49,23.81,1,1.21,0,0,16:13:52.054,clumsy-dropchance-0.025,Quest-Pro,BeatSaber,replay1.2,Quest-Pro,PopStars-Medium
4,5,1478,587,18,0ms,0,36,54,18/0/0/3,1,0,0,FF,0/70/0,N/F/N,1804MHz,7912,0,29.7C/0.0C,3.68ms,6.35ms,0.23ms,55.47ms,3(DR0,0.40,0.13(W0.25),1.00,20.17/26.20,23.96,1,1.21,0,0,16:13:53.054,clumsy-dropchance-0.025,Quest-Pro,BeatSaber,replay1.2,Quest-Pro,PopStars-Medium
4,5,1478,587,18,0ms,0,36,54,18/0/0/3,1,0,0,FF,0/70/0,N/F/N,1804MHz,7912,0,29.7C/0.0C,3.70ms,5.91ms,0.23ms,55.47ms,3(DR0,0.41,0.05(W0.05),1.00,19.67/24.34,22.63,1,1.21,0,0,16:13:54.054,clumsy-dropchance-0.025,Quest-Pro,BeatSaber,replay1.2,Quest-Pro,PopStars-Medium
4,5,1478,587,18,0ms,0,11,56,10/0/1/13,1,0,0,FF,0/70/0,N/F/N,1804MHz,7912,0,29.7C/0.0C,3.69ms,0.68ms,0.23ms,55.47ms,3(DR0,0.42,0.06(W0.18),1.00,19.63/27.15,26.40,1,1.21,0,0,16:13:55.054,clumsy-dropchance-0.025,Quest-Pro,BeatSaber,replay1.2,Quest-Pro,PopStars-Medium
4,5,1478,587,36,0ms,0,0,72,0/0/0/0,1,0,0,FF,0/70/0,N/F/N,1804MHz,7912,0,29.7C/0.0C,3.68ms,-0.32ms,0.23ms,40.00ms,3(DR0,0.46,0.08(W0.18),1.00,21.14/25.27,24.16,1,1.21,0,0,16:13:56.054,clumsy-dropchance-0.025,Quest-Pro,BeatSaber,replay1.2,Quest-Pro,PopStars-Medium
4,5,1478,587,67,0ms,0,24,60,11/0/1/113,1,0,0,FF,0/70/0,N/F/N,1555MHz,7912,0,29.7C/0.0C,3.71ms,17.17ms,0.23ms,12.51ms,3(DR0,0.41,0.16(W0.18),1.00,19.68/23.71,22.77,1,1.21,0,0,16:13:57.054,clumsy-dropchance-0.025,Quest-Pro,BeatSaber,replay1.2,Quest-Pro,PopStars-Medium
4,5,1478,587,27,0ms,0,36,54,18/0/0/3,1,0,0,FF,0/70/0,N/F/N,1555MHz,7909,0,29.7C/0.0C,3.68ms,10.79ms,0.24ms,23.43ms,3(DR0,0.40,0.07(W0.10),1.00,18.97/23.28,21.93,1,1.21,0,0,16:13:58.062,clumsy-dropchance-0.025,Quest-Pro,BeatSaber,replay1.2,Quest-Pro,PopStars-Medium
4,5,1478,587,18,0ms,0,36,54,18/0/0/3,1,0,0,FF,0/70/0,N/F/N,1555MHz,7909,0,29.7C/0.0C,3.71ms,5.69ms,0.23ms,35.78ms,3(DR0,0.41,0.06(W0.14),1.00,18.72/22.65,21.54,1,1.21,0,0,16:13:59.055,clumsy-dropchance-0.025,Quest-Pro,BeatSaber,replay1.2,Quest-Pro,PopStars-Medium
4,5,1478,587,18,0ms,0,36,54,18/0/0/3,1,0,0,FF,0/70/0,N/F/N,1555MHz,7909,0,29.7C/0.0C,3.70ms,5.88ms,0.23ms,47.16ms,3(DR0,0.41,0.08(W0.14),1.00,18.62/22.45,21.28,1,1.21,0,0,16:14:00.055,clumsy-dropchance-0.025,Quest-Pro,BeatSaber,replay1.2,Quest-Pro,PopStars-Medium
4,5,1478,587,18,0ms,0,37,55,18/0/0/3,1,0,0,FF,0/70/0,N/F/N,1555MHz,7909,0,29.7C/0.0C,3.70ms,5.58ms,0.23ms,55.52ms,3(DR0,0.41,0.18(W0.31),1.00,18.23/21.95,21.01,1,1.21,0,0,16:14:01.055,clumsy-dropchance-0.025,Quest-Pro,BeatSaber,replay1.2,Quest-Pro,PopStars-Medium
4,5,1478,587,19,0ms,0,37,55,18/0/0/3,1,0,0,FF,0/70/0,N/F/N,1804MHz,7909,0,29.7C/0.0C,3.69ms,6.37ms,0.23ms,55.50ms,3(DR0,0.40,0.00(W0.00),1.00,18.51/24.09,21.81,1,1.21,0,0,16:14:02.055,clumsy-dropchance-0.025,Quest-Pro,BeatSaber,replay1.2,Quest-Pro,PopStars-Medium
4,5,1478,587,19,0ms,0,36,54,19/0/0/3,1,0,0,FF,0/70/0,N/F/N,1804MHz,7909,0,29.7C/0.0C,3.69ms,6.43ms,0.23ms,55.50ms,3(DR0,0.40,0.11(W0.18),1.00,18.13/23.33,21.65,1,1.21,0,0,16:14:03.055,clumsy-dropchance-0.025,Quest-Pro,BeatSaber,replay1.2,Quest-Pro,PopStars-Medium
4,5,1478,587,19,0ms,0,36,54,18/0/0/3,1,0,0,FF,0/70/0,N/F/N,1555MHz,7909,0,29.7C/0.0C,3.70ms,6.47ms,0.23ms,55.49ms,3(DR0,0.40,0.03(W0.05),1.00,18.56/23.55,21.67,1,1.21,0,0,16:14:04.055,clumsy-dropchance-0.025,Quest-Pro,BeatSaber,replay1.2,Quest-Pro,PopStars-Medium
4,5,1478,587,19,0ms,0,24,33,11/0/0/3,1,0,0,FF,0/70/0,N/F/N,1555MHz,7909,0,29.7C/0.0C,3.69ms,-7.53ms,0.23ms,55.49ms,3(DR0,0.43,0.08(W0.10),1.00,18.63/24.05,21.99,1,1.21,0,0,16:14:05.055,clumsy-dropchance-0.025,Quest-Pro,BeatSaber,replay1.2,Quest-Pro,PopStars-Medium
4,5,1478,587,49,0ms,0,18,24,8/0/0/3,1,0,0,FF,0/70/0,N/F/N,1555MHz,7909,0,29.7C/0.0C,3.71ms,0.04ms,0.23ms,28.49ms,3(DR0,0.45,0.11(W0.18),1.00,18.95/23.90,22.05,1,1.21,0,0,16:14:06.055,clumsy-dropchance-0.025,Quest-Pro,BeatSaber,replay1.2,Quest-Pro,PopStars-Medium
3,5,1478,587,62,0ms,0,0,54,0/0/0/0,1,0,0,FF,0/70/0,N/F/N,1555MHz,7909,0,29.7C/0.0C,3.66ms,23.02ms,0.23ms,16.16ms,3(DR0,0.42,0.05(W0.10),1.00,18.60/25.26,24.79,1,1.21,0,0,16:14:07.055,clumsy-dropchance-0.025,Quest-Pro,BeatSaber,replay1.2,Quest-Pro,PopStars-Medium
4,5,1478,587,36,0ms,0,0,51,0/0/1/104,1,0,0,FF,0/70/0,N/F/N,1555MHz,7909,0,29.7C/0.0C,3.70ms,-2.07ms,0.23ms,21.29ms,3(DR0,0.44,0.16(W0.22),1.00,19.72/24.68,23.40,1,1.21,0,0,16:14:08.055,clumsy-dropchance-0.025,Quest-Pro,BeatSaber,replay1.2,Quest-Pro,PopStars-Medium
4,5,1478,587,65,0ms,0,30,46,15/0/0/3,1,0,0,FF,0/70/0,N/F/N,1555MHz,7909,0,29.7C/0.0C,3.56ms,16.50ms,0.23ms,14.83ms,3(DR0,0.40,0.06(W0.10),1.00,19.45/23.28,22.28,1,1.21,0,0,16:14:09.055,clumsy-dropchance-0.025,Quest-Pro,BeatSaber,replay1.2,Quest-Pro,PopStars-Medium
4,5,1478,587,18,0ms,0,36,54,18/0/0/3,1,0,0,FF,0/70/0,N/F/N,1804MHz,7909,0,29.7C/0.0C,3.54ms,5.88ms,0.23ms,27.83ms,3(DR0,0.40,0.09(W0.17),1.00,18.76/22.69,21.67,1,1.21,0,0,16:14:10.055,clumsy-dropchance-0.025,Quest-Pro,BeatSaber,replay1.2,Quest-Pro,PopStars-Medium
4,5,1478,587,18,0ms,0,36,54,18/0/0/3,1,0,0,FF,0/70/0,N/F/N,1804MHz,7909,0,29.7C/0.0C,3.71ms,5.68ms,0.23ms,39.21ms,3(DR0,0.42,0.13(W0.14),1.00,18.64/22.73,21.32,1,1.21,0,0,16:14:11.055,clumsy-dropchance-0.025,Quest-Pro,BeatSaber,replay1.2,Quest-Pro,PopStars-Medium
4,5,1478,587,18,0ms,0,36,54,18/0/0/3,1,0,0,FF,0/70/0,N/F/N,1555MHz,7909,0,29.7C/0.0C,3.73ms,5.63ms,0.23ms,51.17ms,3(DR0,0.41,0.11(W0.17),1.00,18.64/22.73,21.32,1,1.21,0,0,16:14:12.055,clumsy-dropchance-0.025,Quest-Pro,BeatSaber,replay1.2,Quest-Pro,PopStars-Medium
4,5,1478,587,19,0ms,0,37,55,18/0/0/3,1,0,0,FF,0/70/0,N/F/N,1555MHz,7909,0,29.7C/0.0C,3.77ms,6.45ms,0.23ms,55.51ms,3(DR0,0.41,0.05(W0.10),1.00,18.77/22.35,21.14,1,1.21,0,0,16:14:13.055,clumsy-dropchance-0.025,Quest-Pro,BeatSaber,replay1.2,Quest-Pro,PopStars-Medium
4,5,1478,587,19,0ms,0,37,54,19/0/0/3,1,0,0,FF,0/70/0,N/F/N,1804MHz,7909,0,29.7C/0.0C,3.74ms,6.29ms,0.23ms,55.23ms,3(DR0,0.40,0.11(W0.18),1.00,18.55/22.62,21.25,1,1.21,0,0,16:14:14.055,clumsy-dropchance-0.025,Quest-Pro,BeatSaber,replay1.2,Quest-Pro,PopStars-Medium
4,5,1478,587,18,0ms,0,33,55,18/0/0/3,1,0,0,FF,0/70/0,N/F/N,1804MHz,7909,0,29.7C/0.0C,3.64ms,5.37ms,0.23ms,55.24ms,3(DR0,0.40,0.08(W0.14),1.00,18.34/25.73,24.41,1,1.21,0,0,16:14:15.056,clumsy-dropchance-0.025,Quest-Pro,BeatSaber,replay1.2,Quest-Pro,PopStars-Medium
4,5,1478,587,19,0ms,0,34,54,18/0/0/3,1,0,0,FF,0/70/0,N/F/N,1804MHz,7909,0,29.7C/0.0C,3.72ms,-9.00ms,0.23ms,55.24ms,3(DR0,0.44,0.15(W0.18),1.00,19.69/24.22,22.86,1,1.21,0,0,16:14:16.056,clumsy-dropchance-0.025,Quest-Pro,BeatSaber,replay1.2,Quest-Pro,PopStars-Medium
3,5,1478,587,62,0ms,0,23,34,12/0/0/3,1,0,0,FF,0/70/0,N/F/N,1804MHz,7909,0,29.7C/0.0C,3.70ms,1.36ms,0.23ms,17.33ms,3(DR0,0.40,0.13(W0.24),1.00,19.60/24.27,22.82,1,1.21,0,0,16:14:17.056,clumsy-dropchance-0.025,Quest-Pro,BeatSaber,replay1.2,Quest-Pro,PopStars-Medium
3,5,1478,587,62,0ms,0,23,34,12/0/0/3,1,0,0,FF,0/70/0,N/N/N,1804MHz,7907,0,29.7C/0.0C,3.70ms,1.36ms,0.23ms,17.33ms,3(DR0,0.40,0.13(W0.24),1.00,19.60/24.27,22.82,1,1.21,0,0,16:14:18.062,clumsy-dropchance-0.025,Quest-Pro,BeatSaber,replay1.2,Quest-Pro,PopStars-Medium
4,5,1478,587,45,0ms,0,0,73,0/0/0/0,1,0,0,FF,0/70/0,N/F/N,1555MHz,7907,0,29.7C/0.0C,3.66ms,-0.50ms,0.23ms,33.00ms,3(DR0,0.45,0.06(W0.14),1.00,19.27/23.64,22.67,1,1.21,0,0,16:14:19.056,clumsy-dropchance-0.025,Quest-Pro,BeatSaber,replay1.2,Quest-Pro,PopStars-Medium
4,5,1478,587,76,0ms,0,0,72,0/0/0/0,1,0,0,FF,0/70/0,N/F/N,1555MHz,7907,0,29.7C/0.0C,3.70ms,24.90ms,0.24ms,11.16ms,3(DR0,0.41,0.03(W0.05),1.00,20.00/23.68,22.69,1,1.21,0,0,16:14:20.056,clumsy-dropchance-0.025,Quest-Pro,BeatSaber,replay1.2,Quest-Pro,PopStars-Medium
4,5,1478,587,47,0ms,0,0,72,0/0/0/0,1,0,0,FF,0/70/0,N/F/N,1555MHz,7907,0,30.0C/0.0C,3.69ms,15.46ms,0.24ms,17.19ms,3(DR0,0.41,0.11(W0.18),1.00,19.43/23.36,22.02,1,1.21,0,0,16:14:21.056,clumsy-dropchance-0.025,Quest-Pro,BeatSaber,replay1.2,Quest-Pro,PopStars-Medium
4,5,1478,587,18,0ms,0,28,58,13/0/1/247,1,0,0,FF,0/70/0,N/F/N,1555MHz,7907,0,30.0C/0.0C,3.71ms,5.84ms,0.23ms,29.92ms,3(DR0,0.41,0.08(W0.10),1.00,18.83/23.26,21.66,1,1.21,0,0,16:14:22.056,clumsy-dropchance-0.025,Quest-Pro,BeatSaber,replay1.2,Quest-Pro,PopStars-Medium
4,5,1478,587,18,0ms,0,37,55,18/0/0/3,1,0,0,FF,0/70/0,N/F/N,1804MHz,7907,0,30.0C/0.0C,3.66ms,-8.43ms,0.23ms,41.98ms,3(DR0,0.43,0.10(W0.10),1.00,18.87/22.41,21.32,1,1.21,0,0,16:14:23.056,clumsy-dropchance-0.025,Quest-Pro,BeatSaber,replay1.2,Quest-Pro,PopStars-Medium
4,5,1478,587,33,0ms,0,33,43,17/0/0/3,1,0,0,FF,0/70/0,N/F/N,1804MHz,7907,0,30.0C/0.0C,3.71ms,-2.70ms,0.23ms,42.84ms,3(DR0,0.46,0.11(W0.18),1.00,18.68/22.59,21.58,1,1.21,0,0,16:14:24.056,clumsy-dropchance-0.025,Quest-Pro,BeatSaber,replay1.2,Quest-Pro,PopStars-Medium
4,5,1478,587,54,0ms,0,11,57,11/0/1/35,1,0,0,FF,0/70/0,N/F/N,1804MHz,7907,0,30.0C/0.0C,3.68ms,14.76ms,0.23ms,21.88ms,3(DR0,0.40,0.05(W0.10),1.00,19.79/23.82,22.43,1,1.21,0,0,16:14:25.056,clumsy-dropchance-0.025,Quest-Pro,BeatSaber,replay1.2,Quest-Pro,PopStars-Medium
4,5,1478,587,21,0ms,0,35,45,17/0/0/3,1,0,0,FF,0/70/0,N/F/N,1804MHz,7907,0,30.0C/0.0C,3.66ms,8.03ms,0.23ms,27.02ms,3(DR0,0.40,0.12(W0.17),1.00,19.20/23.08,21.83,1,1.21,0,0,16:14:26.056,clumsy-dropchance-0.025,Quest-Pro,BeatSaber,replay1.2,Quest-Pro,PopStars-Medium
4,5,1478,587,18,0ms,0,40,53,20/0/0/3,1,0,0,FF,0/70/0,N/F/N,1804MHz,7907,0,30.0C/0.0C,3.65ms,5.46ms,0.23ms,39.44ms,3(DR0,0.40,0.09(W0.10),1.00,18.92/23.84,22.14,1,1.21,0,0,16:14:27.056,clumsy-dropchance-0.025,Quest-Pro,BeatSaber,replay1.2,Quest-Pro,PopStars-Medium
4,5,1478,587,19,0ms,0,36,54,18/0/0/3,1,0,0,FF,0/70/0,N/F/N,1804MHz,7907,0,30.0C/0.0C,3.71ms,6.58ms,0.23ms,51.80ms,3(DR0,0.41,0.07(W0.10),1.00,18.63/23.99,22.02,1,1.21,0,0,16:14:28.056,clumsy-dropchance-0.025,Quest-Pro,BeatSaber,replay1.2,Quest-Pro,PopStars-Medium
4,5,1478,587,18,0ms,0,29,54,18/0/0/3,1,0,0,FF,0/70/0,N/F/N,1804MHz,7907,0,30.0C/0.0C,3.72ms,5.82ms,0.23ms,53.97ms,3(DR0,0.41,0.03(W0.10),1.00,19.34/24.03,22.74,1,1.21,0,0,16:14:29.056,clumsy-dropchance-0.025,Quest-Pro,BeatSaber,replay1.2,Quest-Pro,PopStars-Medium
4,5,1478,587,18,0ms,0,36,54,18/0/0/3,1,0,0,FF,0/70/0,N/F/N,1804MHz,7907,0,30.0C/0.0C,3.70ms,5.65ms,0.23ms,55.49ms,3(DR0,0.41,0.02(W0.05),1.00,18.93/23.21,22.17,1,1.21,0,0,16:14:30.057,clumsy-dropchance-0.025,Quest-Pro,BeatSaber,replay1.2,Quest-Pro,PopStars-Medium
4,5,1478,587,18,0ms,0,36,54,18/0/0/3,1,0,0,FF,0/70/0,N/F/N,1804MHz,7907,0,30.0C/0.0C,3.68ms,5.86ms,0.23ms,55.49ms,3(DR0,0.41,0.02(W0.05),1.00,18.91/23.34,21.76,1,1.21,0,0,16:14:31.057,clumsy-dropchance-0.025,Quest-Pro,BeatSaber,replay1.2,Quest-Pro,PopStars-Medium
4,5,1478,587,18,0ms,0,37,55,18/0/0/3,1,0,0,FF,0/70/0,N/F/N,1804MHz,7907,0,29.7C/0.0C,3.70ms,5.55ms,0.24ms,55.51ms,3(DR0,0.41,0.07(W0.14),1.00,18.70/22.27,21.41,1,1.21,0,0,16:14:32.057,clumsy-dropchance-0.025,Quest-Pro,BeatSaber,replay1.2,Quest-Pro,PopStars-Medium
4,5,1478,587,19,0ms,0,36,54,18/0/0/3,1,0,0,FF,0/70/0,N/F/N,1804MHz,7907,0,29.7C/0.0C,3.74ms,6.49ms,0.23ms,55.50ms,3(DR0,0.40,0.07(W0.10),1.00,18.14/22.65,21.44,1,1.21,0,0,16:14:33.057,clumsy-dropchance-0.025,Quest-Pro,BeatSaber,replay1.2,Quest-Pro,PopStars-Medium
4,5,1478,587,19,0ms,0,36,54,19/0/0/3,1,0,0,FF,0/70/0,N/F/N,1804MHz,7907,0,29.7C/0.0C,3.65ms,6.27ms,0.23ms,55.50ms,3(DR0,0.40,0.08(W0.10),1.00,18.56/22.42,21.34,1,1.21,0,0,16:14:34.057,clumsy-dropchance-0.025,Quest-Pro,BeatSaber,replay1.2,Quest-Pro,PopStars-Medium
4,5,1478,587,19,0ms,0,36,54,18/0/0/3,1,0,0,FF,0/70/0,N/F/N,1804MHz,7907,0,29.7C/0.0C,3.69ms,6.66ms,0.23ms,55.50ms,3(DR0,0.42,0.05(W0.05),1.00,18.39/22.14,21.20,1,1.21,0,0,16:14:35.057,clumsy-dropchance-0.025,Quest-Pro,BeatSaber,replay1.2,Quest-Pro,PopStars-Medium
4,5,1478,587,19,0ms,0,36,55,18/0/0/3,1,0,0,FF,0/70/0,N/F/N,1804MHz,7907,0,29.7C/0.0C,3.52ms,6.21ms,0.23ms,55.49ms,3(DR0,0.40,0.11(W0.14),1.00,18.46/22.48,21.30,1,1.21,0,0,16:14:36.057,clumsy-dropchance-0.025,Quest-Pro,BeatSaber,replay1.2,Quest-Pro,PopStars-Medium
4,5,1478,587,19,0ms,0,37,55,18/0/0/3,1,0,0,FF,0/70/0,N/F/N,1804MHz,7907,0,29.7C/0.0C,3.63ms,6.49ms,0.23ms,55.49ms,3(DR0,0.40,0.14(W0.22),1.00,18.56/23.16,21.57,1,1.21,0,0,16:14:37.057,clumsy-dropchance-0.025,Quest-Pro,BeatSaber,replay1.2,Quest-Pro,PopStars-Medium
4,5,1478,587,19,0ms,0,36,54,18/0/0/3,1,0,0,FF,0/70/0,N/F/N,1804MHz,7911,0,29.7C/0.0C,3.72ms,6.18ms,0.23ms,55.48ms,3(DR0,0.39,0.05(W0.10),1.00,18.55/22.83,21.64,1,1.21,0,0,16:14:38.063,clumsy-dropchance-0.025,Quest-Pro,BeatSaber,replay1.2,Quest-Pro,PopStars-Medium
4,5,1478,587,18,0ms,0,36,54,18/0/0/3,1,0,0,FF,0/70/0,N/F/N,1804MHz,7911,0,29.7C/0.0C,3.69ms,5.85ms,0.23ms,55.49ms,3(DR0,0.41,0.02(W0.05),1.00,18.46/22.70,21.80,1,1.21,0,0,16:14:39.057,clumsy-dropchance-0.025,Quest-Pro,BeatSaber,replay1.2,Quest-Pro,PopStars-Medium
4,5,1478,587,19,0ms,0,36,55,18/0/0/3,1,0,0,FF,0/70/0,N/F/N,1804MHz,7911,0,29.7C/0.0C,3.67ms,5.51ms,0.23ms,55.45ms,3(DR0,0.40,0.05(W0.05),1.00,18.83/23.72,21.88,1,1.21,0,0,16:14:40.057,clumsy-dropchance-0.025,Quest-Pro,BeatSaber,replay1.2,Quest-Pro,PopStars-Medium
4,5,1478,587,18,0ms,0,34,54,18/0/0/3,1,0,0,FF,0/70/0,N/F/N,1804MHz,7911,0,29.7C/0.0C,3.67ms,5.80ms,0.24ms,55.47ms,3(DR0,0.42,0.05(W0.10),1.00,20.11/24.67,23.58,1,1.21,0,0,16:14:41.057,clumsy-dropchance-0.025,Quest-Pro,BeatSaber,replay1.2,Quest-Pro,PopStars-Medium
4,5,1478,587,18,0ms,0,36,54,19/0/0/3,1,0,0,FF,0/70/0,N/F/N,1555MHz,7911,0,29.5C/0.0C,3.57ms,5.57ms,0.23ms,55.48ms,3(DR0,0.39,0.12(W0.22),1.00,16.67/24.68,22.74,1,1.21,0,0,16:14:42.057,clumsy-dropchance-0.025,Quest-Pro,BeatSaber,replay1.2,Quest-Pro,PopStars-Medium
4,5,1478,587,18,0ms,0,36,54,18/0/0/3,1,0,0,FF,0/70/0,N/F/N,1804MHz,7911,0,29.5C/0.0C,3.69ms,5.06ms,0.23ms,55.53ms,3(DR0,0.39,0.03(W0.05),1.00,19.22/24.70,22.53,1,1.21,0,0,16:14:43.057,clumsy-dropchance-0.025,Quest-Pro,BeatSaber,replay1.2,Quest-Pro,PopStars-Medium
4,5,1478,587,31,0ms,0,34,55,18/0/0/3,1,0,0,FF,0/70/0,N/F/N,1804MHz,7911,0,29.5C/0.0C,3.71ms,-8.92ms,0.23ms,43.77ms,3(DR0,0.44,0.05(W0.10),1.00,18.86/23.51,22.08,1,1.21,0,0,16:14:44.058,clumsy-dropchance-0.025,Quest-Pro,BeatSaber,replay1.2,Quest-Pro,PopStars-Medium
4,5,1478,587,71,0ms,0,19,38,13/0/0/4,1,0,0,FF,0/70/0,N/F/N,1804MHz,7911,0,29.5C/0.0C,3.66ms,-3.22ms,0.23ms,14.05ms,3(DR0,0.44,0.08(W0.14),1.00,19.59/23.33,22.35,1,1.21,0,0,16:14:45.058,clumsy-dropchance-0.025,Quest-Pro,BeatSaber,replay1.2,Quest-Pro,PopStars-Medium
3,5,1382,587,72,0ms,0,0,0,0/0/0/0,1,0,0,FF,0/70/0,N/F/N,1804MHz,7911,0,29.5C/0.0C,3.71ms,1.99ms,0.23ms,13.86ms,3(DR0,0.45,0.10(W0.10),1.00,19.04/22.90,21.79,1,1.21,0,0,16:14:46.058,clumsy-dropchance-0.025,Quest-Pro,BeatSaber,replay1.2,Quest-Pro,PopStars-Medium
4,5,1478,587,65,0ms,0,0,0,0/0/0/0,1,0,0,FF,0/70/0,N/F/N,1804MHz,7911,0,29.5C/0.0C,3.69ms,1.53ms,0.23ms,15.36ms,3(DR0,0.45,0.11(W0.14),1.00,18.80/22.62,21.36,1,1.21,0,0,16:14:47.058,clumsy-dropchance-0.025,Quest-Pro,BeatSaber,replay1.2,Quest-Pro,PopStars-Medium
3,5,1478,587,72,0ms,0,0,20,0/0/1/20,1,0,0,FF,0/70/0,N/F/N,1804MHz,7911,0,29.5C/0.0C,3.65ms,1.44ms,0.23ms,14.08ms,3(DR0,0.44,0.13(W0.14),1.00,18.52/22.82,21.36,1,1.21,0,0,16:14:48.058,clumsy-dropchance-0.025,Quest-Pro,BeatSaber,replay1.2,Quest-Pro,PopStars-Medium
4,5,1382,587,51,0ms,0,0,1,0/0/0/1,1,0,0,FF,0/70/0,N/F/N,1555MHz,7911,0,29.5C/0.0C,3.68ms,2.00ms,0.23ms,17.86ms,3(DR0,0.45,0.11(W0.14),1.00,18.67/22.23,21.15,1,1.21,0,0,16:14:49.058,clumsy-dropchance-0.025,Quest-Pro,BeatSaber,replay1.2,Quest-Pro,PopStars-Medium
4,5,1478,587,51,0ms,0,0,68,0/0/0/0,1,0,0,FF,0/70/0,N/F/N,1555MHz,7911,0,29.5C/0.0C,3.46ms,1.73ms,0.23ms,17.86ms,3(DR0,0.40,0.02(W0.05),1.00,18.45/24.30,21.99,1,1.21,0,0,16:14:50.058,clumsy-dropchance-0.025,Quest-Pro,BeatSaber,replay1.2,Quest-Pro,PopStars-Medium
4,5,1478,587,63,0ms,0,15,26,8/0/1/68,1,0,0,FF,0/70/0,N/F/N,1555MHz,7911,0,29.5C/0.0C,3.70ms,17.00ms,0.23ms,16.17ms,3(DR0,0.40,0.05(W0.10),1.00,19.02/25.07,23.33,1,1.21,0,0,16:14:51.058,clumsy-dropchance-0.025,Quest-Pro,BeatSaber,replay1.2,Quest-Pro,PopStars-Medium
4,5,1478,587,18,0ms,0,36,54,18/0/0/3,1,0,0,FF,0/70/0,N/F/N,1555MHz,7911,0,29.5C/0.0C,3.68ms,-2.37ms,0.23ms,27.72ms,3(DR0,0.40,0.07(W0.17),1.00,19.39/24.78,22.95,1,1.21,0,0,16:14:52.058,clumsy-dropchance-0.025,Quest-Pro,BeatSaber,replay1.2,Quest-Pro,PopStars-Medium
4,5,1478,587,22,0ms,0,8,61,4/0/0/3,1,0,0,FF,0/70/0,N/F/N,1555MHz,7911,0,29.5C/0.0C,3.71ms,-5.53ms,0.24ms,39.08ms,3(DR0,0.44,0.08(W0.10),1.00,19.27/23.69,22.26,1,1.21,0,0,16:14:53.058,clumsy-dropchance-0.025,Quest-Pro,BeatSaber,replay1.2,Quest-Pro,PopStars-Medium
4,5,1478,587,64,0ms,0,0,48,0/0/1/97,1,0,0,FF,0/70/0,N/F/N,1555MHz,7911,0,29.5C/0.0C,3.75ms,17.32ms,0.23ms,14.15ms,3(DR0,0.41,0.16(W0.25),1.00,19.01/22.79,21.79,1,1.21,0,0,16:14:54.058,clumsy-dropchance-0.025,Quest-Pro,BeatSaber,replay1.2,Quest-Pro,PopStars-Medium
4,5,1478,587,35,0ms,0,31,47,15/0/0/3,1,0,0,FF,0/70/0,N/F/N,1555MHz,7911,0,29.5C/0.0C,3.69ms,13.30ms,0.24ms,23.46ms,3(DR0,0.40,0.15(W0.18),1.00,18.72/22.30,21.45,1,1.21,0,0,16:14:55.058,clumsy-dropchance-0.025,Quest-Pro,BeatSaber,replay1.2,Quest-Pro,PopStars-Medium
4,5,1478,587,19,0ms,0,36,54,18/0/0/3,1,0,0,FF,0/70/0,N/F/N,1555MHz,7911,0,29.5C/0.0C,3.72ms,6.54ms,0.24ms,34.68ms,3(DR0,0.41,0.07(W0.10),1.00,18.46/22.42,21.36,1,1.21,0,0,16:14:56.058,clumsy-dropchance-0.025,Quest-Pro,BeatSaber,replay1.2,Quest-Pro,PopStars-Medium
4,5,1478,587,19,0ms,0,37,55,18/0/0/3,1,0,0,FF,0/70/0,N/F/N,1804MHz,7911,0,29.5C/0.0C,3.75ms,6.32ms,0.24ms,46.60ms,3(DR0,0.41,0.05(W0.10),1.00,18.77/22.45,21.23,1,1.21,0,0,16:14:57.058,clumsy-dropchance-0.025,Quest-Pro,BeatSaber,replay1.2,Quest-Pro,PopStars-Medium
4,5,1478,587,19,0ms,0,38,53,20/0/0/3,1,0,0,FF,0/70/0,N/F/N,1555MHz,7902,0,29.5C/0.0C,3.70ms,6.52ms,0.23ms,54.63ms,3(DR0,0.40,0.10(W0.14),1.00,18.22/22.93,21.53,1,1.21,0,0,16:14:58.065,clumsy-dropchance-0.025,Quest-Pro,BeatSaber,replay1.2,Quest-Pro,PopStars-Medium
4,5,1478,587,19,0ms,0,36,55,18/0/0/3,1,0,0,FF,0/70/0,N/F/N,1804MHz,7902,0,29.5C/0.0C,3.67ms,6.27ms,0.23ms,54.62ms,3(DR0,0.40,0.09(W0.17),1.00,18.78/23.67,21.88,1,1.21,0,0,16:14:59.059,clumsy-dropchance-0.025,Quest-Pro,BeatSaber,replay1.2,Quest-Pro,PopStars-Medium
4,5,1478,587,19,0ms,0,37,55,18/0/0/3,1,0,0,FF,0/70/0,N/F/N,1804MHz,7902,0,29.5C/0.0C,3.67ms,-8.62ms,0.23ms,54.63ms,3(DR0,0.43,0.05(W0.10),1.00,18.74/23.85,21.73,1,1.21,0,0,16:15:00.059,clumsy-dropchance-0.025,Quest-Pro,BeatSaber,replay1.2,Quest-Pro,PopStars-Medium
4,5,1478,587,45,0ms,0,20,28,10/0/0/3,1,0,0,FF,0/70/0,N/F/N,1804MHz,7902,0,29.5C/0.0C,3.73ms,6.17ms,0.23ms,32.21ms,3(DR0,0.42,0.12(W0.21),1.00,18.51/23.46,22.03,1,1.21,0,0,16:15:01.059,clumsy-dropchance-0.025,Quest-Pro,BeatSaber,replay1.2,Quest-Pro,PopStars-Medium
4,5,1478,587,39,0ms,0,22,34,11/0/0/3,1,0,0,FF,0/70/0,N/F/N,1804MHz,7902,0,29.5C/0.0C,3.66ms,14.14ms,0.23ms,21.22ms,3(DR0,0.40,0.10(W0.14),1.00,18.61/24.00,22.18,1,1.21,0,0,16:15:02.059,clumsy-dropchance-0.025,Quest-Pro,BeatSaber,replay1.2,Quest-Pro,PopStars-Medium
4,5,1478,587,18,0ms,0,36,54,18/0/0/3,1,0,0,FF,0/70/0,N/F/N,1804MHz,7902,0,29.5C/0.0C,3.71ms,5.90ms,0.23ms,32.93ms,3(DR0,0.41,0.03(W0.10),1.00,18.59/23.79,21.93,1,1.21,0,0,16:15:03.059,clumsy-dropchance-0.025,Quest-Pro,BeatSaber,replay1.2,Quest-Pro,PopStars-Medium
4,5,1478,587,19,0ms,0,36,54,18/0/0/3,1,0,0,FF,0/70/0,N/F/N,1555MHz,7902,0,29.5C/0.0C,3.69ms,6.94ms,0.23ms,45.31ms,3(DR0,0.41,0.03(W0.05),1.00,18.79/22.93,21.69,1,1.21,0,0,16:15:04.059,clumsy-dropchance-0.025,Quest-Pro,BeatSaber,replay1.2,Quest-Pro,PopStars-Medium
4,5,1478,587,19,0ms,0,36,54,18/0/0/3,1,0,0,FF,0/70/0,N/F/N,1555MHz,7902,0,29.5C/0.0C,3.74ms,6.71ms,0.23ms,55.49ms,3(DR0,0.41,0.12(W0.25),1.00,18.48/23.12,21.76,1,1.21,0,0,16:15:05.059,clumsy-dropchance-0.025,Quest-Pro,BeatSaber,replay1.2,Quest-Pro,PopStars-Medium
4,5,1478,587,19,0ms,0,34,55,18/0/0/3,1,0,0,FF,0/70/0,N/F/N,1555MHz,7902,0,29.5C/0.0C,3.71ms,6.42ms,0.23ms,55.46ms,3(DR0,0.41,0.06(W0.14),1.00,19.02/24.60,23.44,1,1.21,0,0,16:15:06.059,clumsy-dropchance-0.025,Quest-Pro,BeatSaber,replay1.2,Quest-Pro,PopStars-Medium
4,5,1478,587,18,0ms,0,36,54,18/0/0/3,1,0,0,FF,0/70/0,N/N/N,1804MHz,7902,0,29.5C/0.0C,3.66ms,5.62ms,0.23ms,55.48ms,3(DR0,0.41,0.05(W0.10),1.00,19.66/23.85,22.64,1,1.21,0,0,16:15:07.059,clumsy-dropchance-0.025,Quest-Pro,BeatSaber,replay1.2,Quest-Pro,PopStars-Medium
4,5,1478,587,33,0ms,0,26,52,13/0/0/3,1,0,0,FF,0/70/0,N/F/N,1804MHz,7902,0,29.5C/0.0C,3.75ms,-2.64ms,0.23ms,42.36ms,3(DR0,0.45,0.16(W0.22),1.00,19.35/23.00,21.99,1,1.21,0,0,16:15:08.059,clumsy-dropchance-0.025,Quest-Pro,BeatSaber,replay1.2,Quest-Pro,PopStars-Medium
4,5,1478,587,45,0ms,0,9,65,5/0/1/62,1,0,0,FF,0/70/0,N/F/N,1804MHz,7902,0,29.5C/0.0C,3.68ms,15.01ms,0.23ms,21.22ms,3(DR0,0.41,0.12(W0.14),1.00,18.92/22.65,21.52,1,1.21,0,0,16:15:09.059,clumsy-dropchance-0.025,Quest-Pro,BeatSaber,replay1.2,Quest-Pro,PopStars-Medium
4,5,1478,587,18,0ms,0,37,55,18/0/0/3,1,0,0,FF,0/70/0,N/F/N,2092MHz,7902,0,29.5C/0.0C,3.71ms,5.66ms,0.23ms,30.49ms,3(DR0,0.42,0.11(W0.14),1.00,18.65/22.39,21.30,1,1.21,0,0,16:15:10.059,clumsy-dropchance-0.025,Quest-Pro,BeatSaber,replay1.2,Quest-Pro,PopStars-Medium
4,5,1478,587,19,0ms,0,36,54,19/0/0/3,1,0,0,FF,0/70/0,N/F/N,2092MHz,7902,0,29.5C/0.0C,3.72ms,6.44ms,0.23ms,43.59ms,3(DR0,0.41,0.10(W0.10),1.00,18.45/22.56,21.24,1,1.21,0,0,16:15:11.059,clumsy-dropchance-0.025,Quest-Pro,BeatSaber,replay1.2,Quest-Pro,PopStars-Medium
4,5,1478,587,19,0ms,0,36,55,18/0/0/3,1,0,0,FF,0/70/0,N/F/N,2092MHz,7902,0,29.5C/0.0C,3.67ms,6.20ms,0.23ms,54.63ms,3(DR0,0.40,0.08(W0.10),1.00,18.61/22.62,21.12,1,1.21,0,0,16:15:12.059,clumsy-dropchance-0.025,Quest-Pro,BeatSaber,replay1.2,Quest-Pro,PopStars-Medium
4,5,1478,587,19,0ms,0,37,55,18/0/0/3,1,0,0,FF,0/70/0,N/F/N,2092MHz,7902,0,29.5C/0.0C,3.77ms,6.63ms,0.23ms,55.49ms,3(DR0,0.43,0.07(W0.10),1.00,18.38/22.47,20.95,1,1.21,0,0,16:15:13.059,clumsy-dropchance-0.025,Quest-Pro,BeatSaber,replay1.2,Quest-Pro,PopStars-Medium
4,5,1478,587,19,0ms,0,37,55,18/0/0/3,1,0,0,FF,0/70/0,N/F/N,2092MHz,7902,0,29.5C/0.0C,3.73ms,6.21ms,0.23ms,55.49ms,3(DR0,0.41,0.19(W0.20),1.00,18.48/22.23,21.14,1,1.21,0,0,16:15:14.059,clumsy-dropchance-0.025,Quest-Pro,BeatSaber,replay1.2,Quest-Pro,PopStars-Medium
4,5,1478,587,19,0ms,0,33,54,19/0/0/3,1,0,0,FF,0/70/0,N/F/N,2092MHz,7902,0,29.5C/0.0C,3.69ms,6.56ms,0.23ms,55.46ms,3(DR0,0.41,0.06(W0.14),1.00,18.56/23.37,22.28,1,1.21,0,0,16:15:15.060,clumsy-dropchance-0.025,Quest-Pro,BeatSaber,replay1.2,Quest-Pro,PopStars-Medium
4,5,1478,587,19,0ms,0,33,55,18/0/0/3,1,0,0,FF,0/70/0,N/F/N,2092MHz,7902,0,29.5C/0.0C,3.68ms,6.64ms,0.23ms,55.44ms,3(DR0,0.42,0.05(W0.09),1.00,19.53/25.17,23.43,1,1.21,0,0,16:15:16.060,clumsy-dropchance-0.025,Quest-Pro,BeatSaber,replay1.2,Quest-Pro,PopStars-Medium
4,5,1478,587,18,0ms,0,36,54,18/0/0/3,1,0,0,FF,0/70/0,N/F/N,2092MHz,7902,0,29.5C/0.0C,3.67ms,5.88ms,0.23ms,55.46ms,3(DR0,0.41,0.16(W0.21),1.00,19.69/25.48,23.37,1,1.21,0,0,16:15:17.060,clumsy-dropchance-0.025,Quest-Pro,BeatSaber,replay1.2,Quest-Pro,PopStars-Medium
4,5,1478,587,18,0ms,0,36,54,18/0/0/3,1,0,0,FF,0/70/0,N/F/N,2092MHz,7904,0,29.5C/0.0C,3.71ms,5.67ms,0.23ms,55.50ms,3(DR0,0.41,0.10(W0.11),1.00,19.17/23.56,22.22,1,1.21,0,0,16:15:18.066,clumsy-dropchance-0.025,Quest-Pro,BeatSaber,replay1.2,Quest-Pro,PopStars-Medium
4,5,1478,587,33,0ms,0,37,53,17/0/0/4,1,0,0,FF,0/70/0,N/F/N,2092MHz,7904,0,29.5C/0.0C,3.70ms,-2.65ms,0.23ms,42.16ms,3(DR0,0.45,0.12(W0.18),1.00,18.95/23.16,21.74,1,1.21,0,0,16:15:19.060,clumsy-dropchance-0.025,Quest-Pro,BeatSaber,replay1.2,Quest-Pro,PopStars-Medium
4,5,1478,587,42,0ms,0,14,23,9/0/0/3,1,0,0,FF,0/70/0,N/F/N,2092MHz,7904,0,29.5C/0.0C,3.70ms,9.62ms,0.23ms,23.37ms,3(DR0,0.42,0.05(W0.10),1.00,18.88/22.68,21.54,1,1.21,0,0,16:15:20.060,clumsy-dropchance-0.025,Quest-Pro,BeatSaber,replay1.2,Quest-Pro,PopStars-Medium
4,5,1478,587,40,0ms,0,30,45,16/0/0/4,1,0,0,FF,0/70/0,N/F/N,2092MHz,7904,0,29.5C/0.0C,3.69ms,9.68ms,0.23ms,26.72ms,3(DR0,0.41,0.06(W0.14),1.00,18.82/22.42,21.38,1,1.21,0,0,16:15:21.060,clumsy-dropchance-0.025,Quest-Pro,BeatSaber,replay1.2,Quest-Pro,PopStars-Medium
4,5,1478,587,57,0ms,0,10,49,6/0/1/32,1,0,0,FF,0/70/0,N/N/N,1555MHz,7904,0,29.5C/0.0C,3.72ms,0.87ms,0.23ms,17.76ms,3(DR0,0.45,0.09(W0.18),1.00,18.61/22.43,21.25,1,1.21,0,0,16:15:22.060,clumsy-dropchance-0.025,Quest-Pro,BeatSaber,replay1.2,Quest-Pro,PopStars-Medium
4,5,1478,587,52,0ms,0,0,29,0/0/0/0,1,0,0,FF,0/70/0,N/F/N,1804MHz,7904,0,29.5C/0.0C,3.73ms,0.41ms,0.23ms,18.21ms,3(DR0,0.45,0.16(W0.22),1.00,18.45/22.61,21.31,1,1.21,0,0,16:15:23.060,clumsy-dropchance-0.025,Quest-Pro,BeatSaber,replay1.2,Quest-Pro,PopStars-Medium
4,5,1478,587,55,0ms,0,0,58,0/0/1/87,1,0,0,FF,0/70/0,N/F/N,1804MHz,7904,0,29.5C/0.0C,3.70ms,14.54ms,0.23ms,16.56ms,3(DR0,0.44,0.11(W0.17),1.00,18.76/22.69,21.38,1,1.21,0,0,16:15:24.060,clumsy-dropchance-0.025,Quest-Pro,BeatSaber,replay1.2,Quest-Pro,PopStars-Medium
4,5,1478,587,45,0ms,0,16,36,8/1/0/6,1,0,0,FF,0/70/0,N/F/N,1804MHz,7904,0,29.5C/0.0C,3.72ms,15.31ms,0.23ms,24.06ms,3(DR0,0.41,0.11(W0.14),1.00,18.75/22.70,21.69,1,1.21,0,0,16:15:25.060,clumsy-dropchance-0.025,Quest-Pro,BeatSaber,replay1.2,Quest-Pro,PopStars-Medium
4,5,1478,587,19,0ms,0,36,54,18/0/0/3,1,0,0,FF,0/70/0,N/F/N,1804MHz,7904,0,29.5C/0.0C,3.66ms,15.21ms,0.23ms,32.43ms,3(DR0,0.40,0.14(W0.18),1.00,18.62/23.36,21.86,1,1.21,0,0,16:15:26.060,clumsy-dropchance-0.025,Quest-Pro,BeatSaber,replay1.2,Quest-Pro,PopStars-Medium
4,5,1478,587,19,0ms,0,36,54,19/0/0/3,1,0,0,FF,0/70/0,N/F/N,1804MHz,7904,0,29.5C/0.0C,3.66ms,6.50ms,0.24ms,32.43ms,3(DR0,0.41,0.05(W0.10),1.00,18.46/23.59,21.83,1,1.21,0,0,16:15:27.060,clumsy-dropchance-0.025,Quest-Pro,BeatSaber,replay1.2,Quest-Pro,PopStars-Medium
4,5,1478,587,19,0ms,0,36,55,18/0/0/3,1,0,0,FF,0/70/0,N/F/N,1804MHz,7904,0,29.5C/0.0C,3.69ms,6.52ms,0.23ms,45.16ms,3(DR0,0.40,0.13(W0.14),1.00,18.40/23.91,21.75,1,1.21,0,0,16:15:28.060,clumsy-dropchance-0.025,Quest-Pro,BeatSaber,replay1.2,Quest-Pro,PopStars-Medium
4,5,1478,587,18,0ms,0,27,51,13/0/0/3,1,0,0,FF,0/70/0,N/F/N,1555MHz,7904,0,29.5C/0.0C,3.78ms,-8.60ms,0.23ms,55.43ms,3(DR0,0.43,0.18(W0.21),1.00,18.52/23.35,21.60,1,1.21,0,0,16:15:29.060,clumsy-dropchance-0.025,Quest-Pro,BeatSaber,replay1.2,Quest-Pro,PopStars-Medium
4,5,1478,587,50,0ms,0,22,57,11/0/1/32,1,0,0,FF,0/70/0,N/F/N,1804MHz,7904,0,29.5C/0.0C,3.74ms,15.82ms,0.23ms,28.14ms,3(DR0,0.41,0.07(W0.10),1.00,18.45/23.81,22.04,1,1.21,0,0,16:15:30.061,clumsy-dropchance-0.025,Quest-Pro,BeatSaber,replay1.2,Quest-Pro,PopStars-Medium
4,5,1478,587,19,0ms,0,35,55,18/0/0/3,1,0,0,FF,0/70/0,N/F/N,1804MHz,7904,0,29.5C/0.0C,3.71ms,6.57ms,0.24ms,28.88ms,3(DR0,0.40,0.07(W0.10),1.00,19.11/25.23,23.43,1,1.21,0,0,16:15:31.061,clumsy-dropchance-0.025,Quest-Pro,BeatSaber,replay1.2,Quest-Pro,PopStars-Medium
4,5,1478,587,19,0ms,0,37,54,18/0/0/3,1,0,0,FF,0/70/0,N/F/N,1804MHz,7904,0,29.5C/0.0C,3.50ms,-8.11ms,0.24ms,41.42ms,3(DR0,0.43,0.08(W0.10),1.00,19.75/24.60,23.25,1,1.21,0,0,16:15:32.061,clumsy-dropchance-0.025,Quest-Pro,BeatSaber,replay1.2,Quest-Pro,PopStars-Medium
4,5,1478,587,40,0ms,0,13,36,8/0/1/15,1,0,0,FF,0/70/0,N/F/N,2092MHz,7904,0,29.5C/0.0C,3.80ms,18.95ms,0.23ms,35.55ms,3(DR0,0.44,0.02(W0.05),1.00,19.17/23.77,22.31,1,1.21,0,0,16:15:33.061,clumsy-dropchance-0.025,Quest-Pro,BeatSaber,replay1.2,Quest-Pro,PopStars-Medium
4,5,1478,587,40,0ms,0,13,36,8/0/1/15,1,0,0,FF,0/70/0,N/N/N,2092MHz,7904,0,29.5C/0.0C,3.80ms,18.95ms,0.23ms,35.55ms,3(DR0,0.44,0.02(W0.05),1.00,19.17/23.77,22.31,1,1.21,0,0,16:15:34.061,clumsy-dropchance-0.025,Quest-Pro,BeatSaber,replay1.2,Quest-Pro,PopStars-Medium
4,5,1478,587,50,0ms,0,5,58,4/0/1/42,1,0,0,FF,0/70/0,N/N/N,1555MHz,7904,0,29.5C/0.0C,3.68ms,4.99ms,0.23ms,19.17ms,3(DR0,0.39,0.09(W0.14),1.00,18.89/22.68,21.80,1,1.21,0,0,16:15:35.061,clumsy-dropchance-0.025,Quest-Pro,BeatSaber,replay1.2,Quest-Pro,PopStars-Medium
4,5,1478,587,51,0ms,0,0,73,0/0/0/0,1,0,0,FF,0/70/0,N/N/N,1555MHz,7904,0,29.5C/0.0C,3.70ms,0.99ms,0.24ms,28.86ms,3(DR0,0.41,0.06(W0.10),1.00,18.67/23.97,22.05,1,1.21,0,0,16:15:36.061,clumsy-dropchance-0.025,Quest-Pro,BeatSaber,replay1.2,Quest-Pro,PopStars-Medium
4,5,1478,587,16,0ms,0,0,72,0/0/0/0,1,0,0,FF,0/70/0,N/F/N,1555MHz,7904,0,29.5C/0.0C,3.72ms,-11.14ms,0.24ms,30.21ms,3(DR0,0.45,0.06(W0.14),1.00,18.91/23.28,21.86,1,1.21,0,0,16:15:37.061,clumsy-dropchance-0.025,Quest-Pro,BeatSaber,replay1.2,Quest-Pro,PopStars-Medium
4,5,1478,587,69,0ms,0,0,72,0/0/0/0,1,0,0,FF,0/70/0,N/F/N,1555MHz,7909,0,29.5C/0.0C,3.72ms,2.29ms,0.23ms,11.15ms,3(DR0,0.40,0.03(W0.10),1.00,18.67/22.71,21.54,1,1.21,0,0,16:15:38.068,clumsy-dropchance-0.025,Quest-Pro,BeatSaber,replay1.2,Quest-Pro,PopStars-Medium
4,5,1478,587,27,0ms,0,10,68,4/0/1/324,1,0,0,FF,0/70/0,N/F/N,1555MHz,7909,0,29.5C/0.0C,3.85ms,11.73ms,0.24ms,21.21ms,3(DR0,0.41,0.09(W0.17),1.00,18.73/23.01,21.59,1,1.21,0,0,16:15:39.061,clumsy-dropchance-0.025,Quest-Pro,BeatSaber,replay1.2,Quest-Pro,PopStars-Medium
4,5,1478,587,19,0ms,0,36,55,18/0/0/3,1,0,0,FF,0/70/0,N/F/N,1555MHz,7909,0,29.5C/0.0C,3.85ms,6.43ms,0.23ms,35.46ms,3(DR0,0.41,0.09(W0.18),1.00,18.51/23.19,21.82,1,1.21,0,0,16:15:40.061,clumsy-dropchance-0.025,Quest-Pro,BeatSaber,replay1.2,Quest-Pro,PopStars-Medium
4,5,1478,587,18,0ms,0,36,54,18/0/0/3,1,0,0,FF,0/70/0,N/F/N,1804MHz,7909,0,29.5C/0.0C,3.86ms,6.62ms,0.23ms,47.82ms,3(DR0,0.42,0.07(W0.10),1.00,19.21/23.85,22.11,1,1.21,0,0,16:15:41.061,clumsy-dropchance-0.025,Quest-Pro,BeatSaber,replay1.2,Quest-Pro,PopStars-Medium
4,5,1478,587,19,0ms,0,34,55,18/0/0/3,1,0,0,FF,0/70/0,N/F/N,1804MHz,7909,0,29.5C/0.0C,3.84ms,6.46ms,0.23ms,55.58ms,3(DR0,0.42,0.09(W0.14),1.00,18.73/24.59,23.10,1,1.21,0,0,16:15:42.061,clumsy-dropchance-0.025,Quest-Pro,BeatSaber,replay1.2,Quest-Pro,PopStars-Medium
4,5,1478,587,18,0ms,0,36,54,18/0/0/3,1,0,0,FF,0/70/0,N/F/N,1804MHz,7909,0,29.2C/0.0C,3.84ms,6.67ms,0.23ms,55.48ms,3(DR0,0.42,0.03(W0.10),1.00,19.66/24.34,22.73,1,1.21,0,0,16:15:43.061,clumsy-dropchance-0.025,Quest-Pro,BeatSaber,replay1.2,Quest-Pro,PopStars-Medium
4,5,1478,587,18,0ms,0,36,54,18/0/0/3,1,0,0,FF,0/70/0,N/F/N,1804MHz,7909,0,29.2C/0.0C,3.85ms,5.82ms,0.24ms,55.49ms,3(DR0,0.41,0.16(W0.22),1.00,18.84/22.71,22.05,1,1.21,0,0,16:15:44.061,clumsy-dropchance-0.025,Quest-Pro,BeatSaber,replay1.2,Quest-Pro,PopStars-Medium
4,5,1478,587,18,0ms,0,36,54,18/0/0/3,1,0,0,FF,0/70/0,N/F/N,1555MHz,7909,0,29.2C/0.0C,3.83ms,5.79ms,0.23ms,55.52ms,3(DR0,0.41,0.10(W0.14),1.00,18.87/22.56,21.72,1,1.21,0,0,16:15:45.062,clumsy-dropchance-0.025,Quest-Pro,BeatSaber,replay1.2,Quest-Pro,PopStars-Medium
